ticker,sector,marketCap,asOfDate,currencyCode,TotalDebt,LongTermDebt,CurrentAssets,CurrentLiabilities,NetPPE,EBIT,CashCashEquivalentsAndShortTermInvestments,enterpriseValue,priceToBook
AACG,Consumer Defensive,,2021-12-31,CNY,40717267.0,,75407150.0,267978614.0,78921393.0,2868664.0,71339361.0,,
AACI,Financial Services,,2021-12-31,USD,,,759988.0,1861558.0,,-2038958.0,419700.0,,
AACIU,Financial Services,,2021-12-31,USD,,,759988.0,1861558.0,,-2038958.0,419700.0,,
AACIW,,,2021-12-31,USD,,,759988.0,1861558.0,,-2038958.0,419700.0,,
AADI,Healthcare,,2021-12-31,USD,605000.0,,151272000.0,15273000.0,614000.0,-15933000.0,148989000.0,,
AAL,Industrials,,2022-03-31,USD,45862000000.0,35461000000.0,17762000000.0,21866000000.0,37603000000.0,-1623000000.0,12484000000.0,,
AAME,Financial Services,,2021-12-31,USD,33738000.0,33738000.0,,,,3735000.0,285739000.0,,
AAOI,Technology,,2021-12-31,USD,149900000.0,83680000.0,194079000.0,108957000.0,250170000.0,-13076000.0,34656000.0,,
AAON,Industrials,,2021-12-31,USD,41580000.0,40000000.0,218080000.0,86768000.0,275036000.0,5467000.0,2859000.0,,
AAPL,Technology,,2021-12-31,USD,122798000000.0,106629000000.0,153154000000.0,147574000000.0,39245000000.0,41935000000.0,63913000000.0,,
AATC,Technology,,2021-12-31,USD,1789000.0,1674000.0,12382000.0,899000.0,2295000.0,1176000.0,8229000.0,,
AAWW,Industrials,,2021-12-31,USD,2516291000.0,1655075000.0,1326022000.0,1420057000.0,4722454000.0,256733000.0,910965000.0,,
ABCB,Financial Services,,2022-03-31,USD,552347000.0,552347000.0,,,224293000.0,,,,
ABCL,Healthcare,,2021-12-31,USD,40065000.0,,929800000.0,120676000.0,111616000.0,89340000.0,722977000.0,,
ABCM,Healthcare,,2021-12-31,GBP,229700000.0,,211500000.0,187200000.0,161700000.0,,95100000.0,,
ABGI,Financial Services,,2021-12-31,USD,,,866783.0,197124.0,,-153040.0,510896.0,,
ABIO,Healthcare,,2021-12-31,USD,383000.0,,54421000.0,3498000.0,485000.0,-5676000.0,53359000.0,,
ABMD,Healthcare,,2021-12-31,USD,,,885006000.0,126796000.0,205949000.0,65062000.0,669221000.0,,
ABNB,Consumer Cyclical,,2021-12-31,USD,2418499000.0,1982537000.0,12386380000.0,6359282000.0,428621000.0,74740000.0,8322476000.0,,
ABOS,Healthcare,,2021-12-31,USD,,,198661000.0,5147000.0,36000.0,72650000.0,194237000.0,,
ABSI,Healthcare,,2021-12-31,USD,20011000.0,1124000.0,273079000.0,33859000.0,58652000.0,-26068000.0,252569000.0,,
ABST,Technology,,2021-12-31,USD,279942000.0,265038000.0,119492000.0,158038000.0,16872000.0,-2794000.0,61596000.0,,
ABTX,Financial Services,,2021-12-31,USD,198803000.0,198803000.0,,,63708000.0,,,,
ABUS,Healthcare,,2021-12-31,USD,2614000.0,,160661000.0,11221000.0,8075000.0,-20761000.0,155317000.0,,
ABVC,Healthcare,,2021-12-31,USD,3298780.0,,9625120.0,3692312.0,1997780.0,-5914416.0,5936695.0,,
ACAD,Healthcare,,2021-12-31,USD,64430000.0,,617823000.0,96068000.0,66315000.0,-44657000.0,520706000.0,,
ACAH,Financial Services,,2021-12-31,USD,,,392762.0,5941857.0,,-4058094.0,189608.0,,
ACAHU,Financial Services,,2021-12-31,USD,,,392762.0,5941857.0,,-4058094.0,189608.0,,
ACAHW,,,2021-12-31,USD,,,392762.0,5941857.0,,-4058094.0,189608.0,,
ACAX,,,2022-02-28,USD,,,1758592.0,109814.0,,-45874.0,1708642.0,,
ACAXU,,,2022-02-28,USD,,,1758592.0,109814.0,,-45874.0,1708642.0,,
ACAXW,,,2022-02-28,USD,,,1758592.0,109814.0,,-45874.0,1708642.0,,
ACB,Healthcare,,2021-12-31,CAD,414451000.0,310419000.0,604439000.0,122865000.0,574031000.0,-59607000.0,334081000.0,,
ACBA,Financial Services,,2021-12-31,USD,,,184492.0,204383.0,,-302661.0,122008.0,,
ACBAU,Financial Services,,2021-12-31,USD,,,184492.0,204383.0,,-302661.0,122008.0,,
ACBAW,,,2021-12-31,USD,,,184492.0,204383.0,,-302661.0,122008.0,,
ACCD,Healthcare,,2021-11-30,USD,280259000.0,280259000.0,407556000.0,184602000.0,11965000.0,26571000.0,365982000.0,,
ACER,Healthcare,,2021-12-31,USD,393837.0,,28088616.0,29109950.0,114112.0,-4419727.0,12710762.0,,
ACET,Healthcare,,2021-12-31,USD,20944000.0,,282438000.0,16317000.0,35001000.0,-15799000.0,277544000.0,,
ACEV,Financial Services,,2021-12-31,USD,527756.0,,121530.0,6788398.0,,-2170304.0,8390.0,,
ACEVU,Financial Services,,2021-12-31,USD,527756.0,,121530.0,6788398.0,,-2170304.0,8390.0,,
ACEVW,,,2021-12-31,USD,527756.0,,121530.0,6788398.0,,-2170304.0,8390.0,,
ACGL,Financial Services,,2022-03-31,USD,2724642000.0,2724642000.0,,,,217241000.0,21796966000.0,,
ACGLN,Financial Services,,2022-03-31,USD,2724642000.0,2724642000.0,,,,217241000.0,21796966000.0,,
ACGLO,Financial Services,,2022-03-31,USD,2724642000.0,2724642000.0,,,,217241000.0,21796966000.0,,
ACHC,Healthcare,,2021-12-31,USD,1638399000.0,1478626000.0,495031000.0,404861000.0,1904920000.0,111701000.0,133813000.0,,
ACHL,Healthcare,,2021-12-31,USD,12259000.0,,284749000.0,19110000.0,28791000.0,-18460000.0,266319000.0,,
ACHV,Healthcare,,2021-12-31,USD,14993000.0,14920000.0,44594000.0,4550000.0,79000.0,-7115000.0,43022000.0,,
ACIU,Healthcare,,2021-12-31,CHF,2910000.0,,202634000.0,20026000.0,8030000.0,-21100000.0,198216000.0,,
ACIW,Technology,,2021-12-31,USD,1120606000.0,1019872000.0,937434000.0,754155000.0,110875000.0,165515000.0,122059000.0,,
ACKIT,,,2021-12-31,USD,1380000.0,,158964.0,2492480.0,,-714680.0,86792.0,,
ACKIU,,,2021-12-31,USD,1380000.0,,158964.0,2492480.0,,-714680.0,86792.0,,
ACKIW,,,2021-12-31,USD,1380000.0,,158964.0,2492480.0,,-714680.0,86792.0,,
ACLS,Technology,,2021-12-31,USD,47394000.0,,619246000.0,150140000.0,63452000.0,46529000.0,294923000.0,,
ACLX,,,2021-12-31,USD,,,112809000.0,14845000.0,10318000.0,-20698000.0,104617000.0,,
ACMR,Technology,,2021-12-31,USD,39140000.0,22957000.0,952934000.0,205939000.0,61204000.0,21961000.0,592565000.0,,
ACNB,Financial Services,,2021-12-31,USD,37970000.0,34700000.0,,,34250000.0,,,,
ACON,,,2021-12-31,USD,2000000.0,,732204.0,7618784.0,12636.0,-2965908.0,452530.0,,
ACONW,,,2021-12-31,USD,2000000.0,,732204.0,7618784.0,12636.0,-2965908.0,452530.0,,
ACOR,Healthcare,,2021-12-31,USD,190942000.0,178670000.0,102157000.0,54025000.0,11133000.0,-11561000.0,45634000.0,,
ACQR,Financial Services,,2021-12-31,USD,,,2077765.0,91714.0,,2753573.0,1260014.0,,
ACQRU,Financial Services,,2021-12-31,USD,,,2077765.0,91714.0,,2753573.0,1260014.0,,
ACQRW,,,2021-12-31,USD,,,2077765.0,91714.0,,2753573.0,1260014.0,,
ACRS,Healthcare,,2021-12-31,USD,693000.0,,205032000.0,22931000.0,1335000.0,-20693000.0,191414000.0,,
ACST,Healthcare,,2021-12-31,USD,22000.0,,48997000.0,2897000.0,22000.0,-4225000.0,46325000.0,,
ACT,Financial Services,,2021-12-31,USD,740416000.0,740416000.0,,,,207640000.0,5692167000.0,,
ACTD,Financial Services,,2021-12-31,USD,,,1513189.0,113261.0,,-12471864.0,811526.0,,
ACTDU,Financial Services,,2021-12-31,USD,,,1513189.0,113261.0,,-12471864.0,811526.0,,
ACTDW,,,2021-12-31,USD,,,1513189.0,113261.0,,-12471864.0,811526.0,,
ACTG,Industrials,,2021-12-31,USD,184210000.0,,730682000.0,200190000.0,6210000.0,231043000.0,707471000.0,,
ACVA,Technology,,2021-12-31,USD,3855000.0,500000.0,857413000.0,423362000.0,8180000.0,-25663000.0,579059000.0,,
ACXP,Healthcare,,2021-12-31,USD,,,13254150.0,843909.0,,-2627086.0,12958846.0,,
ADAG,Healthcare,,2021-12-31,USD,7489374.0,2991829.0,185953834.0,29821914.0,3487617.0,,174391243.0,,
ADAL,Financial Services,,2021-12-31,USD,,,1451030.0,58842.0,,,949061.0,,
ADALU,Financial Services,,2021-12-31,USD,,,1451030.0,58842.0,,,949061.0,,
ADALW,Financial Services,,2021-12-31,USD,,,1451030.0,58842.0,,,949061.0,,
ADAP,Healthcare,,2021-12-31,USD,25468000.0,,415458000.0,62541000.0,51369000.0,-42864000.0,369580000.0,,
ADBE,Technology,,2022-02-28,USD,4665000000.0,3626000000.0,7476000000.0,7197000000.0,2138000000.0,1571000000.0,4701000000.0,,
ADER,Financial Services,,2021-12-31,USD,1500000.0,,1769242.0,3380674.0,,-1945740.0,1508283.0,,
ADERU,Financial Services,,2021-12-31,USD,1500000.0,,1769242.0,3380674.0,,-1945740.0,1508283.0,,
ADERW,,,2021-12-31,USD,1500000.0,,1769242.0,3380674.0,,-1945740.0,1508283.0,,
ADES,Industrials,,2021-12-31,USD,10498000.0,3152000.0,108367000.0,22621000.0,43243000.0,7554000.0,68753000.0,,
ADGI,Healthcare,,2021-12-31,USD,,,616711000.0,62060000.0,83000.0,-83090000.0,591418000.0,,
ADI,Technology,,2022-01-31,USD,6253575000.0,6253575000.0,4636695000.0,2221906000.0,2037290000.0,375519000.0,1790399000.0,,
ADIL,Healthcare,,2021-12-31,USD,256960.0,,6461605.0,2722390.0,304358.0,-4432739.0,6062173.0,,
ADILW,,,2021-12-31,USD,256960.0,,6461605.0,2722390.0,304358.0,-4432739.0,6062173.0,,
ADMA,Healthcare,,2021-12-31,USD,102919711.0,94866239.0,208729311.0,30378315.0,58197732.0,-13333696.0,51089118.0,,
ADN,Utilities,,2021-12-31,USD,137805.0,137805.0,97350798.0,18870080.0,8584988.0,-32568944.0,79764430.0,,
ADNWW,,,2021-12-31,USD,137805.0,137805.0,97350798.0,18870080.0,8584988.0,-32568944.0,79764430.0,,
ADP,Industrials,,2022-03-31,USD,3331500000.0,2986600000.0,63903800000.0,63106500000.0,1096000000.0,1208300000.0,1634200000.0,,
ADPT,Healthcare,,2021-12-31,USD,111740000.0,,402748000.0,113807000.0,172940000.0,-61596000.0,353061000.0,,
ADSE,Industrials,,2021-06-30,EUR,7094000.0,,19352000.0,21830000.0,4398000.0,,0.0,,
ADSEW,Industrials,,2021-06-30,EUR,7094000.0,,19352000.0,21830000.0,4398000.0,,0.0,,
ADSK,Technology,,2022-01-31,USD,3060000000.0,2277900000.0,2763800000.0,4009400000.0,467000000.0,132900000.0,1764100000.0,,
ADTH,Communication Services,,2021-12-31,USD,41967000.0,41967000.0,159925000.0,27576000.0,409000.0,20085000.0,100093000.0,,
ADTHW,Communication Services,,2021-12-31,USD,41967000.0,41967000.0,159925000.0,27576000.0,409000.0,20085000.0,100093000.0,,
ADTN,Technology,,2021-12-31,USD,,,376325000.0,155359000.0,55766000.0,-5311000.0,56953000.0,,
ADUS,Healthcare,,2021-12-31,USD,263545000.0,220912000.0,324341000.0,117689000.0,54531000.0,19536000.0,168895000.0,,
ADV,Communication Services,,2021-12-31,USD,2104138000.0,2028882000.0,1104314000.0,645520000.0,111183000.0,78432000.0,164622000.0,,
ADVM,Healthcare,,2021-12-31,USD,102994000.0,,317145000.0,21320000.0,119060000.0,-34419000.0,305188000.0,,
ADVWW,,,2021-12-31,USD,2104138000.0,2028882000.0,1104314000.0,645520000.0,111183000.0,78432000.0,164622000.0,,
ADXN,Healthcare,,2021-12-31,CHF,482014.0,,21941776.0,4134843.0,542100.0,-4414615.0,20501981.0,,
AEAC,Financial Services,,2021-12-31,USD,,,675792.0,876735.0,,-354646.0,442162.0,,
AEACU,Financial Services,,2021-12-31,USD,,,675792.0,876735.0,,-354646.0,442162.0,,
AEACW,,,2021-12-31,USD,,,675792.0,876735.0,,-354646.0,442162.0,,
AEAE,Financial Services,,2021-12-31,USD,,,1437359.0,346832.0,,,979226.0,,
AEAEU,Financial Services,,2021-12-31,USD,,,1437359.0,346832.0,,,979226.0,,
AEAEW,Financial Services,,2021-12-31,USD,,,1437359.0,346832.0,,,979226.0,,
AEHA,Financial Services,,2022-03-31,USD,,,1194726.0,102167.0,,-172626.0,845077.0,,
AEHAU,Financial Services,,2022-03-31,USD,,,1194726.0,102167.0,,-172626.0,845077.0,,
AEHAW,,,2022-03-31,USD,,,1194726.0,102167.0,,-172626.0,845077.0,,
AEHL,Industrials,,2021-06-30,CNY,46212000.0,,127955000.0,80812000.0,51504000.0,,34029000.0,,
AEHR,Technology,,2022-02-28,USD,1193000.0,,55274000.0,12817000.0,1867000.0,2256000.0,32020000.0,,
AEIS,Industrials,,2021-12-31,USD,503756000.0,372733000.0,1162234000.0,370196000.0,216599000.0,44441000.0,546668000.0,,
AEMD,Healthcare,,2021-12-31,USD,340766.0,,21210224.0,1069692.0,582893.0,-2527946.0,20394536.0,,
AEP,Utilities,,2021-12-31,USD,36658900000.0,31300700000.0,7809200000.0,12426700000.0,66579600000.0,756400000.0,623800000.0,,
AEPPZ,Utilities,,2021-12-31,USD,36658900000.0,31300700000.0,7809200000.0,12426700000.0,66579600000.0,756400000.0,623800000.0,,
AERC,Industrials,,2021-12-31,USD,,,21577653.0,1511079.0,2123428.0,-2061521.0,19629649.0,,
AERI,Healthcare,,2021-12-31,USD,260643000.0,234527000.0,355650000.0,124991000.0,74141000.0,53542000.0,139801000.0,,
AEY,Technology,,2021-12-31,USD,7202000.0,,18130000.0,12788000.0,6083000.0,-1974000.0,1837000.0,,
AEYE,Technology,,2021-12-31,USD,967000.0,,24831000.0,11216000.0,1030000.0,-5002000.0,18966000.0,,
AFAC,Financial Services,,2021-09-30,USD,165949.0,,25000.0,831273.0,,0.0,,,
AFACU,Financial Services,,2021-09-30,USD,165949.0,,25000.0,831273.0,,0.0,,,
AFACW,Financial Services,,2021-09-30,USD,165949.0,,25000.0,831273.0,,0.0,,,
AFAQ,Financial Services,,2021-12-31,USD,,,991302.0,225967.0,,-279900.0,781302.0,,
AFAQU,Financial Services,,2021-12-31,USD,,,991302.0,225967.0,,-279900.0,781302.0,,
AFAQW,,,2021-12-31,USD,,,991302.0,225967.0,,-279900.0,781302.0,,
AFBI,Financial Services,,2021-12-31,USD,48988000.0,48988000.0,,,3783000.0,,,,
AFCG,Real Estate,,2021-12-31,USD,171418011.0,96572656.0,,,,,,,
AFIB,Healthcare,,2021-12-31,USD,45401000.0,40415000.0,126290000.0,18510000.0,18191000.0,-29872000.0,100773000.0,,
AFMD,Healthcare,,2021-12-31,EUR,18691000.0,17060000.0,206394000.0,64547000.0,4786000.0,-22905000.0,197630000.0,,
AFRM,Technology,,2021-12-31,USD,4070946000.0,3999384000.0,5798022000.0,102861000.0,169416000.0,-178500000.0,3042780000.0,,
AFYA,Consumer Defensive,,2021-12-31,BRL,2161687000.0,1304404000.0,1206852000.0,766506000.0,1083494000.0,136605000.0,748562000.0,,
AGBA,Financial Services,,2021-12-31,USD,3710390.0,,164863.0,4679884.0,,-244401.0,164863.0,,
AGBAU,Financial Services,,2021-12-31,USD,3710390.0,,164863.0,4679884.0,,-244401.0,164863.0,,
AGBAW,,,2021-12-31,USD,3710390.0,,164863.0,4679884.0,,-244401.0,164863.0,,
AGEN,Healthcare,,2021-12-31,USD,58287000.0,12823000.0,331974000.0,156943000.0,91083000.0,-51035000.0,306923000.0,,
AGFS,Consumer Defensive,,2021-12-31,USD,263970000.0,254194000.0,155126000.0,49707000.0,18244000.0,7808000.0,61930000.0,,
AGFY,Industrials,,2021-12-31,USD,2775000.0,12000.0,86736000.0,43590000.0,7711000.0,-11935000.0,56564000.0,,
AGGR,Financial Services,,2021-12-31,USD,,,1186828.0,1577136.0,,,684467.0,,
AGGRU,Financial Services,,2021-12-31,USD,,,1186828.0,1577136.0,,,684467.0,,
AGGRW,,,2021-12-31,USD,,,1186828.0,1577136.0,,,684467.0,,
AGIL,Technology,,2021-12-31,USD,63705000.0,42274000.0,57230000.0,68830000.0,9541000.0,-1161000.0,8463000.0,,
AGILW,,,2021-12-31,USD,63705000.0,42274000.0,57230000.0,68830000.0,9541000.0,-1161000.0,8463000.0,,
AGIO,Healthcare,,2021-12-31,USD,97094000.0,,1064231000.0,59826000.0,104230000.0,-104827000.0,1020018000.0,,
AGLE,Healthcare,,2021-12-31,USD,5060000.0,,98891000.0,20144000.0,8355000.0,-20442000.0,93128000.0,,
AGMH,Technology,,2021-12-31,USD,1619694.0,,88601741.0,64121753.0,563951.0,5062639.0,18406647.0,,
AGNC,Real Estate,,2021-12-31,USD,126000000.0,126000000.0,,,,,,,
AGNCM,Real Estate,,2021-12-31,USD,126000000.0,126000000.0,,,,,,,
AGNCN,Real Estate,,2021-12-31,USD,126000000.0,126000000.0,,,,,,,
AGNCO,Real Estate,,2021-12-31,USD,126000000.0,126000000.0,,,,,,,
AGNCP,Real Estate,,2021-12-31,USD,126000000.0,126000000.0,,,,,,,
AGRI,Consumer Defensive,,2021-12-31,USD,47326.0,47326.0,8116656.0,2286039.0,2120885.0,-2728759.0,7775290.0,,
AGRIW,Consumer Defensive,,2021-12-31,USD,47326.0,47326.0,8116656.0,2286039.0,2120885.0,-2728759.0,7775290.0,,
AGTC,Healthcare,,2021-12-31,USD,24625000.0,13538000.0,75368000.0,24114000.0,7594000.0,-18437000.0,72771000.0,,
AGYS,Technology,,2021-12-31,USD,10728000.0,,149614000.0,64151000.0,16469000.0,1570000.0,115122000.0,,
AHCO,Healthcare,,2021-12-31,USD,2370596000.0,2183552000.0,670058000.0,499812000.0,546337000.0,59106000.0,149627000.0,,
AHG,Financial Services,,2021-09-30,USD,10000000.0,,22310353.0,12972242.0,10214094.0,,15456825.0,,
AHI,Technology,,2021-06-30,AUD,2316267.0,,4003575.0,3391903.0,164209.0,,2172499.0,,
AHPA,Financial Services,,2021-12-31,USD,,,934513.0,438211.0,,,189971.0,,
AHPAU,Financial Services,,2021-12-31,USD,,,934513.0,438211.0,,,189971.0,,
AHPAW,,,2021-12-31,USD,,,934513.0,438211.0,,,189971.0,,
AHPI,Healthcare,,2021-12-31,USD,3374871.0,,11827990.0,7443295.0,3510705.0,-1119920.0,183043.0,,
AHRN,,,2021-12-31,USD,,,,,,-744569.0,,,
AHRNU,,,2021-12-31,USD,,,,,,-744569.0,,,
AHRNW,,,2021-12-31,USD,,,,,,-744569.0,,,
AIB,,,2021-12-31,USD,,,,,,-17978.0,,,
AIBBU,,,2021-12-31,USD,,,,,,-17978.0,,,
AIH,Healthcare,,2021-06-30,CNY,423853000.0,80204000.0,156097000.0,323983000.0,394545000.0,-318559000.0,47247000.0,,
AIMC,Industrials,,2021-12-31,USD,1464000000.0,1401000000.0,1167800000.0,416500000.0,325800000.0,-93200000.0,246100000.0,,
AINV,Financial Services,,2021-12-31,USD,1587376000.0,,,,,,,,
AIP,Technology,,2021-12-31,USD,3911000.0,266000.0,106647000.0,42492000.0,5203000.0,-7270000.0,85825000.0,,
AIRG,Technology,,2021-12-31,USD,3062000.0,,35489000.0,19887000.0,5475000.0,-4083000.0,14511000.0,,
AIRS,Healthcare,,2021-12-31,USD,100583000.0,81755000.0,29440000.0,16415000.0,31786000.0,-12257000.0,25347000.0,,
AIRT,Industrials,,2021-12-31,USD,116290000.0,105436000.0,106796000.0,21210000.0,34323000.0,-235000.0,5206000.0,,
AIRTP,Industrials,,2021-12-31,USD,116290000.0,105436000.0,106796000.0,21210000.0,34323000.0,-235000.0,5206000.0,,
AKAM,Technology,,2021-12-31,USD,2858937000.0,1976167000.0,1920434000.0,790341000.0,2350083000.0,199297000.0,1078195000.0,,
AKAN,,,2021-09-30,USD,6044902.0,973508.0,21169556.0,3304174.0,4038137.0,,20943152.0,,
AKBA,Healthcare,,2021-12-31,USD,136048000.0,,272010000.0,256493000.0,40606000.0,-68009000.0,149800000.0,,
AKIC,Financial Services,,2021-12-31,USD,,,816960.0,771291.0,,-889316.0,440475.0,,
AKICU,Financial Services,,2021-12-31,USD,,,816960.0,771291.0,,-889316.0,440475.0,,
AKICW,,,2021-12-31,USD,,,816960.0,771291.0,,-889316.0,440475.0,,
AKRO,Healthcare,,2021-12-31,USD,1516000.0,,193582000.0,25128000.0,1549000.0,-32439000.0,188258000.0,,
AKTS,Technology,,2021-12-31,USD,385000.0,,75413000.0,7112000.0,40637000.0,-15215000.0,67467000.0,,
AKTX,Healthcare,,2021-09-30,USD,,,14694594.0,3355820.0,,-1463402.0,13390989.0,,
AKU,Healthcare,,2021-12-31,USD,1439965000.0,1197596000.0,185165000.0,164182000.0,453687000.0,-6670000.0,48419000.0,,
AKUS,Healthcare,,2021-12-31,USD,28975000.0,,236163000.0,16801000.0,40144000.0,-24977000.0,232452000.0,,
AKYA,Healthcare,,2021-12-31,USD,32940000.0,32471000.0,140814000.0,27682000.0,7487000.0,-16946000.0,113079000.0,,
ALBO,Healthcare,,2021-12-31,USD,10004000.0,10004000.0,268930000.0,45347000.0,668000.0,-11494000.0,248107000.0,,
ALCO,Consumer Defensive,,2021-12-31,USD,133651000.0,129366000.0,58579000.0,15868000.0,373159000.0,7681000.0,69000.0,,
ALDX,Healthcare,,2021-12-31,USD,15858542.0,15503703.0,232752770.0,11772662.0,384350.0,-15341612.0,229790989.0,,
ALEC,Healthcare,,2021-12-31,USD,47601000.0,,749713000.0,139555000.0,57899000.0,-55729000.0,735251000.0,,
ALGM,Technology,,2021-12-31,USD,41246000.0,25000000.0,469192000.0,100841000.0,223627000.0,39523000.0,259208000.0,,
ALGN,Healthcare,,2022-03-31,USD,104983000.0,,2480768000.0,1863647000.0,1266174000.0,198082000.0,1012868000.0,,
ALGS,Healthcare,,2021-12-31,USD,14455000.0,,204424000.0,38957000.0,14969000.0,-37948000.0,190734000.0,,
ALGT,Industrials,,2021-12-31,USD,1876687000.0,1612486000.0,1338411000.0,663045000.0,2389594000.0,33848000.0,1182856000.0,,
ALHC,Healthcare,,2021-12-31,USD,157595000.0,150620000.0,552859000.0,167245000.0,38211000.0,-43382000.0,466600000.0,,
ALIM,Healthcare,,2021-12-31,USD,43569000.0,43080000.0,42160000.0,12592000.0,4493000.0,-2776000.0,16510000.0,,
ALJJ,Industrials,,2021-12-31,USD,146098000.0,104197000.0,78404000.0,54855000.0,90238000.0,-6291000.0,2069000.0,,
ALKS,Healthcare,,2021-12-31,USD,416206000.0,292804000.0,1062169000.0,471286000.0,456681000.0,2632000.0,536311000.0,,
ALKT,Technology,,2021-12-31,USD,24616000.0,23053000.0,345161000.0,33198000.0,11828000.0,-12899000.0,308581000.0,,
ALLK,Healthcare,,2021-12-31,USD,51415000.0,,451581000.0,40249000.0,74807000.0,-96079000.0,424238000.0,,
ALLO,Healthcare,,2021-12-31,USD,69929000.0,,471323000.0,48174000.0,181020000.0,-73893000.0,457302000.0,,
ALLT,Technology,,2021-12-31,USD,8252000.0,,135859000.0,55113000.0,23513000.0,-3302000.0,83968000.0,,
ALNY,Healthcare,,2021-12-31,USD,997592000.0,675697000.0,2808576000.0,695710000.0,733633000.0,-223486000.0,2435564000.0,,
ALOR,Financial Services,,,,,,,,,,,,
ALORU,Financial Services,,,,,,,,,,,,
ALORW,Financial Services,,,,,,,,,,,,
ALOT,Technology,,2022-01-31,USD,10289000.0,8154000.0,63778000.0,20035000.0,12535000.0,-299000.0,5276000.0,,
ALPA,Financial Services,,2021-12-31,USD,,,973175.0,330007.0,,,774192.0,,
ALPAU,Financial Services,,2021-12-31,USD,,,973175.0,330007.0,,,774192.0,,
ALPAW,,,2021-12-31,USD,,,973175.0,330007.0,,,774192.0,,
ALPN,Healthcare,,2021-12-31,USD,19628000.0,3380000.0,192013000.0,69778000.0,10553000.0,-15287000.0,162303000.0,,
ALPP,Industrials,,2021-12-31,USD,41694137.0,14066156.0,44406558.0,30420364.0,29556768.0,-12452538.0,3715666.0,,
ALR,,,2021-12-31,USD,20770000.0,6364000.0,186833000.0,140907000.0,172507000.0,-10216000.0,78913000.0,,
ALRM,Technology,,2021-12-31,USD,468267000.0,425345000.0,917620000.0,129339000.0,72192000.0,10837000.0,710621000.0,,
ALRS,Financial Services,,2021-12-31,USD,63208000.0,58730000.0,,,22097000.0,,,,
ALSA,,,2021-12-31,USD,,,,,,-41408.0,,,
ALSAU,Financial Services,,2021-12-31,USD,,,,,,-41408.0,,,
ALSAW,,,2021-12-31,USD,,,,,,-41408.0,,,
ALT,Healthcare,,2021-12-31,USD,1535112.0,,204126115.0,18275930.0,1447786.0,-23950428.0,190300776.0,,
ALTO,Basic Materials,,2021-12-31,USD,63652000.0,50361000.0,229526000.0,69602000.0,235963000.0,37843000.0,50612000.0,,
ALTR,Technology,,2021-12-31,USD,229188000.0,,588221000.0,473978000.0,68972000.0,5752000.0,413743000.0,,
ALTU,Financial Services,,2021-12-31,USD,,,230342.0,396892.0,,-270593.0,43054.0,,
ALTUU,Financial Services,,2021-12-31,USD,,,230342.0,396892.0,,-270593.0,43054.0,,
ALTUW,,,2021-12-31,USD,,,230342.0,396892.0,,-270593.0,43054.0,,
ALVR,Healthcare,,2021-12-31,USD,30066000.0,,253348000.0,37853000.0,31292000.0,-55796000.0,248120000.0,,
ALXO,Healthcare,,2021-12-31,USD,742000.0,,367019000.0,15295000.0,3472000.0,-28456000.0,363667000.0,,
ALYA,Technology,,2021-12-31,CAD,79604000.0,39304000.0,130921000.0,114984000.0,23200000.0,-2489000.0,8679000.0,,
ALZN,Healthcare,,2022-01-31,USD,,,12429116.0,466977.0,,-2556566.0,11790289.0,,
AMAL,Financial Services,,2021-12-31,USD,131991000.0,83831000.0,,,44850000.0,,,,
AMAO,Financial Services,,2021-12-31,USD,,,1070687.0,99002.0,,,293153.0,,
AMAOU,Financial Services,,2021-12-31,USD,,,1070687.0,99002.0,,,293153.0,,
AMAOW,,,2021-12-31,USD,,,1070687.0,99002.0,,,293153.0,,
AMAT,Technology,,2022-01-31,USD,5757000000.0,5454000000.0,15707000000.0,6264000000.0,2270000000.0,1982000000.0,5737000000.0,,
AMBA,Technology,,2022-01-31,USD,11713000.0,,266748000.0,89284000.0,21261000.0,-12336000.0,171043000.0,,
AMCI,Financial Services,,2021-12-31,USD,,,680933.0,751356.0,,,343399.0,,
AMCIU,Financial Services,,2021-12-31,USD,,,680933.0,751356.0,,,343399.0,,
AMCIW,,,2021-12-31,USD,,,680933.0,751356.0,,,343399.0,,
AMCX,Communication Services,,2021-12-31,USD,3026905000.0,2804720000.0,2000186000.0,1058085000.0,351657000.0,71841000.0,892221000.0,,
AMD,Technology,,2021-12-31,USD,661000000.0,1000000.0,8583000000.0,4240000000.0,1069000000.0,1211000000.0,3608000000.0,,
AMED,Healthcare,,2021-12-31,USD,545612000.0,432075000.0,356684000.0,374282000.0,119657000.0,49674000.0,42694000.0,,
AMEH,Healthcare,,2021-12-31,USD,200983000.0,182917000.0,398782000.0,115371000.0,68627000.0,-21379000.0,286514000.0,,
AMGN,Healthcare,,2022-03-31,USD,36854000000.0,36010000000.0,18520000000.0,12886000000.0,5142000000.0,1970000000.0,6544000000.0,,
AMKR,Technology,,2021-12-31,USD,1317085000.0,984988000.0,2856563000.0,1679735000.0,3030800000.0,255042000.0,1078274000.0,,
AMLX,Healthcare,,2021-12-31,USD,,,104951000.0,17396000.0,474000.0,-28344000.0,96118000.0,,
AMNB,Financial Services,,2022-03-31,USD,28257000.0,28257000.0,,,35383000.0,,,,
AMOT,Technology,,2021-12-31,USD,176284000.0,158960000.0,175957000.0,78370000.0,73966000.0,4175000.0,22463000.0,,
AMPG,Technology,,2021-12-31,USD,1568414.0,200491.0,24282807.0,3815378.0,2470876.0,-2807368.0,18018874.0,,
AMPGW,,,2021-12-31,USD,1568414.0,200491.0,24282807.0,3815378.0,2470876.0,-2807368.0,18018874.0,,
AMPH,Healthcare,,2021-12-31,USD,104663000.0,74776000.0,318119000.0,103810000.0,271491000.0,27330000.0,136673000.0,,
AMPL,Technology,,2021-12-31,USD,,,355117000.0,90593000.0,4832000.0,-21485000.0,307445000.0,,
AMRK,Financial Services,,2021-12-31,USD,260275000.0,93650000.0,909694000.0,614538000.0,16502000.0,46087000.0,19352000.0,,
AMRN,Healthcare,,2021-12-31,USD,8576000.0,,878727000.0,370682000.0,9085000.0,16045000.0,454128000.0,,
AMRS,Basic Materials,,2021-12-31,USD,445103000.0,309061000.0,639212000.0,269805000.0,112605000.0,46265000.0,483462000.0,,
AMSC,Industrials,,2021-12-31,USD,3728000.0,113000.0,94933000.0,51827000.0,17526000.0,-6490000.0,43887000.0,,
AMSF,Financial Services,,2022-03-31,USD,,,,,,,30741000.0,,
AMSWA,Technology,,2022-01-31,USD,1170000.0,,148711000.0,51911000.0,4813000.0,3239000.0,114818000.0,,
AMTB,Financial Services,,2022-03-31,USD,1268005000.0,1132354000.0,,,177406000.0,,,,
AMTI,Healthcare,,2021-12-31,USD,39773000.0,,167100000.0,14258000.0,45792000.0,-30691000.0,159821000.0,,
AMTX,Energy,,2021-12-31,USD,191345000.0,165989000.0,20693000.0,65330000.0,137563000.0,4218000.0,7751000.0,,
AMWD,Consumer Cyclical,,2022-01-31,USD,630596000.0,506490000.0,383963000.0,192950000.0,321602000.0,-63899000.0,871000.0,,
AMYT,Healthcare,,2021-12-31,USD,199183000.0,199183000.0,282709000.0,157279000.0,7416000.0,33203000.0,112771000.0,,
AMZN,Consumer Cyclical,,2021-12-31,USD,116395000000.0,48744000000.0,161580000000.0,142266000000.0,216363000000.0,15416000000.0,96049000000.0,,
ANAB,Healthcare,,2021-12-31,USD,20955000.0,,553876000.0,16099000.0,21841000.0,-30689000.0,548097000.0,,
ANAT,Financial Services,,2021-12-31,USD,149248000.0,149248000.0,,,137466000.0,,12151862000.0,,
ANDE,Consumer Defensive,,2021-12-31,USD,1165857000.0,600487000.0,3372328000.0,2463929000.0,838175000.0,85080000.0,216444000.0,,
ANEB,Healthcare,,2021-12-31,USD,,,18963871.0,49944.0,,-1071122.0,18008990.0,,
ANGH,,,2021-06-30,USD,14359432.0,5933642.0,8328756.0,27893580.0,460996.0,,806739.0,,
ANGHW,,,2021-06-30,USD,14359432.0,5933642.0,8328756.0,27893580.0,460996.0,,806739.0,,
ANGI,Communication Services,,2021-12-31,USD,511650000.0,494552000.0,583071000.0,276509000.0,118267000.0,-29545000.0,428136000.0,,
ANGN,Healthcare,,2021-12-31,USD,4369000.0,,91247000.0,11296000.0,4437000.0,14634000.0,88756000.0,,
ANGO,Healthcare,,2022-02-28,USD,25000000.0,25000000.0,127686000.0,49368000.0,43594000.0,-5584000.0,23890000.0,,
ANIK,Healthcare,,2021-12-31,USD,20954000.0,,168528000.0,29795000.0,68559000.0,-8298000.0,94386000.0,,
ANIP,Healthcare,,2021-12-31,USD,287370000.0,286520000.0,321775000.0,87537000.0,52671000.0,-26413000.0,100300000.0,,
ANIX,Healthcare,,2022-01-31,USD,250000.0,,34994000.0,1787000.0,244000.0,-3880000.0,34530000.0,,
ANNX,Healthcare,,2021-12-31,USD,34589000.0,,247693000.0,21744000.0,38181000.0,-37458000.0,242715000.0,,
ANSS,Technology,,2021-12-31,USD,857954000.0,753576000.0,1638574000.0,778492000.0,208795000.0,237784000.0,668028000.0,,
ANTE,Communication Services,,2021-06-30,USD,8626000.0,2556000.0,37576000.0,97998000.0,19410000.0,,2980000.0,,
ANZU,Financial Services,,2021-12-31,USD,,,863167.0,2678173.0,,-963905.0,149845.0,,
ANZUU,Financial Services,,2021-12-31,USD,,,863167.0,2678173.0,,-963905.0,149845.0,,
ANZUW,,,2021-12-31,USD,,,863167.0,2678173.0,,-963905.0,149845.0,,
AOGO,,,2021-12-31,USD,,,,,,-143077.0,,,
AOGOU,Financial Services,,2021-12-31,USD,,,,,,-143077.0,,,
AOGOW,,,2021-12-31,USD,,,,,,-143077.0,,,
AOSL,Technology,,2021-12-31,USD,46390000.0,13707000.0,466707000.0,177977000.0,247798000.0,419169000.0,269306000.0,,
AOUT,Consumer Cyclical,,2022-01-31,USD,25359000.0,,198096000.0,40913000.0,37933000.0,4983000.0,22778000.0,,
APA,Energy,,2021-12-31,USD,7609000000.0,7295000000.0,2380000000.0,2117000000.0,8335000000.0,746000000.0,302000000.0,,
APAC,Financial Services,,2021-12-31,USD,,,994802.0,341388.0,,,670522.0,,
APACU,Financial Services,,2021-12-31,USD,,,994802.0,341388.0,,,670522.0,,
APACW,,,2021-12-31,USD,,,994802.0,341388.0,,,670522.0,,
APCX,Technology,,2021-12-31,USD,2093172.0,67400.0,622649.0,7282464.0,188643.0,-3679014.0,8026.0,,
APCXW,Technology,,2021-12-31,USD,2093172.0,67400.0,622649.0,7282464.0,188643.0,-3679014.0,8026.0,,
APDN,Healthcare,,2021-12-31,USD,,,8499421.0,2978891.0,2807852.0,-4633131.0,2748368.0,,
APEI,Consumer Defensive,,2021-12-31,USD,243714000.0,151771000.0,202637000.0,83678000.0,180360000.0,17597000.0,122627000.0,,
APEN,Healthcare,,2021-12-31,USD,53573000.0,52986000.0,114700000.0,14486000.0,5593000.0,-6179000.0,90691000.0,,
API,Technology,,2021-12-31,USD,7409000.0,,797686000.0,73803000.0,26630000.0,-24760000.0,755304000.0,,
APLD,Financial Services,,2021-11-30,USD,1200000.0,,15694000.0,6539000.0,37856000.0,-171000.0,14045000.0,,
APLS,Healthcare,,2021-12-31,USD,210220000.0,189024000.0,824047000.0,131847000.0,26078000.0,-144563000.0,700550000.0,,
APLT,Healthcare,,2021-12-31,USD,2122000.0,,88394000.0,26462000.0,1498000.0,-27114000.0,80823000.0,,
APM,Healthcare,,2021-06-30,USD,1573527.0,1098492.0,21918114.0,4060919.0,4650701.0,,20638825.0,,
APMI,Financial Services,,2021-12-31,USD,,,,,,-1257596.0,,,
APMIU,Financial Services,,2021-12-31,USD,,,,,,-1257596.0,,,
APMIW,,,2021-12-31,USD,,,,,,-1257596.0,,,
APOG,Industrials,,2022-02-28,USD,215335000.0,162000000.0,337892000.0,232946000.0,297907000.0,-9782000.0,37583000.0,,
APP,Technology,,2021-12-31,USD,3330533000.0,3201834000.0,3235064000.0,640097000.0,134583000.0,58987000.0,1520504000.0,,
APPF,Technology,,,,,,,,,,,,
APPH,Consumer Defensive,,,,,,,,,,,,
APPN,Technology,,,,,,,,,,,,
APPS,Technology,,,,,,,,,,,,
APRE,Healthcare,,,,,,,,,,,,
APTM,Financial Services,,,,,,,,,,,,
APTMU,Financial Services,,,,,,,,,,,,
APTO,Healthcare,,,,,,,,,,,,
APTX,Healthcare,,,,,,,,,,,,
APWC,Industrials,,,,,,,,,,,,
APXIU,Financial Services,,,,,,,,,,,,
APYX,Healthcare,,,,,,,,,,,,
AQB,Consumer Defensive,,,,,,,,,,,,
AQMS,Industrials,,,,,,,,,,,,
AQST,Healthcare,,,,,,,,,,,,
ARAV,Healthcare,,,,,,,,,,,,
ARAY,Healthcare,,,,,,,,,,,,
ARBE,Technology,,,,,,,,,,,,
ARBEW,Technology,,,,,,,,,,,,
ARBG,Financial Services,,,,,,,,,,,,
ARBGU,Financial Services,,,,,,,,,,,,
ARBK,Financial Services,,,,,,,,,,,,
ARCB,Industrials,,,,,,,,,,,,
ARCC,Financial Services,,,,,,,,,,,,
ARCE,Consumer Defensive,,,,,,,,,,,,
ARCK,Financial Services,,,,,,,,,,,,
ARCKU,Financial Services,,,,,,,,,,,,
ARCKW,Financial Services,,,,,,,,,,,,
ARCT,Healthcare,,,,,,,,,,,,
ARDX,Healthcare,,,,,,,,,,,,
AREB,Consumer Cyclical,,,,,,,,,,,,
AREC,Basic Materials,,,,,,,,,,,,
ARGU,Financial Services,,,,,,,,,,,,
ARGUU,Financial Services,,,,,,,,,,,,
ARGX,Healthcare,,,,,,,,,,,,
ARHS,Consumer Cyclical,,,,,,,,,,,,
ARIZ,Financial Services,,,,,,,,,,,,
ARIZR,,,,,,,,,,,,,
ARIZU,Financial Services,,,,,,,,,,,,
ARIZW,Financial Services,,,,,,,,,,,,
ARKO,Consumer Defensive,,,,,,,,,,,,
ARKOW,Consumer Defensive,,,,,,,,,,,,
ARKR,Consumer Cyclical,,,,,,,,,,,,
ARLP,Energy,,,,,,,,,,,,
AROW,Financial Services,,,,,,,,,,,,
ARQQ,Technology,,,,,,,,,,,,
ARQT,Healthcare,,,,,,,,,,,,
ARRW,Financial Services,,,,,,,,,,,,
ARRWU,Financial Services,,,,,,,,,,,,
ARRY,Technology,,,,,,,,,,,,
ARTA,Financial Services,,,,,,,,,,,,
ARTAU,Financial Services,,,,,,,,,,,,
ARTE,Financial Services,,,,,,,,,,,,
ARTEU,Financial Services,,,,,,,,,,,,
ARTEW,Financial Services,,,,,,,,,,,,
ARTNA,Utilities,,,,,,,,,,,,
ARTW,Industrials,,,,,,,,,,,,
ARVL,Consumer Cyclical,,,,,,,,,,,,
ARVN,Healthcare,,,,,,,,,,,,
ARWR,Healthcare,,,,,,,,,,,,
ARYD,Financial Services,,,,,,,,,,,,
ARYE,Financial Services,,,,,,,,,,,,
ASLE,Industrials,,,,,,,,,,,,
ASMB,Healthcare,,,,,,,,,,,,
ASML,Technology,,,,,,,,,,,,
ASND,Healthcare,,,,,,,,,,,,
ASO,Consumer Cyclical,,,,,,,,,,,,
ASPA,Financial Services,,,,,,,,,,,,
ASPAU,Financial Services,,,,,,,,,,,,
ASPC,Financial Services,,,,,,,,,,,,
ASPCU,Financial Services,,,,,,,,,,,,
ASPS,Financial Services,,,,,,,,,,,,
ASPU,Consumer Defensive,,,,,,,,,,,,
ASRT,Healthcare,,,,,,,,,,,,
ASRV,Financial Services,,,,,,,,,,,,
ASTE,Industrials,,,,,,,,,,,,
ASTL,Basic Materials,,,,,,,,,,,,
ASTR,Industrials,,,,,,,,,,,,
ASTS,Communication Services,,,,,,,,,,,,
ASUR,Technology,,,,,,,,,,,,
ASYS,Technology,,,,,,,,,,,,
ATAI,Healthcare,,,,,,,,,,,,
ATAX,Financial Services,,,,,,,,,,,,
ATCOL,,,,,,,,,,,,,
ATCX,Industrials,,,,,,,,,,,,
ATEC,Healthcare,,,,,,,,,,,,
ATER,Consumer Cyclical,,,,,,,,,,,,
ATEX,Communication Services,,,,,,,,,,,,
ATHA,Healthcare,,,,,,,,,,,,
ATIF,Financial Services,,,,,,,,,,,,
ATLC,Financial Services,,,,,,,,,,,,
ATLCP,Financial Services,,,,,,,,,,,,
ATLO,Financial Services,,,,,,,,,,,,
ATNF,Healthcare,,,,,,,,,,,,
ATNI,Communication Services,,,,,,,,,,,,
ATOM,Technology,,,,,,,,,,,,
ATOS,Healthcare,,,,,,,,,,,,
ATRA,Healthcare,,,,,,,,,,,,
ATRC,Healthcare,,,,,,,,,,,,
ATRI,Healthcare,,,,,,,,,,,,
ATRO,Industrials,,,,,,,,,,,,
ATRS,Healthcare,,,,,,,,,,,,
ATSG,Industrials,,,,,,,,,,,,
ATVC,Financial Services,,,,,,,,,,,,
ATVCU,Financial Services,,,,,,,,,,,,
ATVI,Communication Services,,,,,,,,,,,,
ATXS,Healthcare,,,,,,,,,,,,
ATY,Communication Services,,,,,,,,,,,,
AUB,Financial Services,,,,,,,,,,,,
AUBAP,Financial Services,,,,,,,,,,,,
AUBN,Financial Services,,,,,,,,,,,,
AUDC,Technology,,,,,,,,,,,,
AUGX,Healthcare,,,,,,,,,,,,
AUID,Technology,,,,,,,,,,,,
AUPH,Healthcare,,,,,,,,,,,,
AUR,Technology,,,,,,,,,,,,
AURA,Healthcare,,,,,,,,,,,,
AURC,Financial Services,,,,,,,,,,,,
AURCU,Financial Services,,,,,,,,,,,,
AUTL,Healthcare,,,,,,,,,,,,
AUTO,Communication Services,,,,,,,,,,,,
AUUD,Technology,,,,,,,,,,,,
AUUDW,,,,,,,,,,,,,
AVAC,Financial Services,,,,,,,,,,,,
AVACU,Financial Services,,,,,,,,,,,,
AVACW,Financial Services,,,,,,,,,,,,
AVAH,Healthcare,,,,,,,,,,,,
AVAV,Industrials,,,,,,,,,,,,
AVCT,Technology,,,,,,,,,,,,
AVDL,Healthcare,,,,,,,,,,,,
AVDX,Technology,,,,,,,,,,,,
AVEO,Healthcare,,,,,,,,,,,,
AVGO,Technology,,,,,,,,,,,,
AVGOP,Technology,,,,,,,,,,,,
AVGR,Healthcare,,,,,,,,,,,,
AVHI,Financial Services,,,,,,,,,,,,
AVHIU,Financial Services,,,,,,,,,,,,
AVHIW,Financial Services,,,,,,,,,,,,
AVID,Communication Services,,,,,,,,,,,,
AVIR,Healthcare,,,,,,,,,,,,
AVNW,Technology,,,,,,,,,,,,
AVO,Consumer Defensive,,,,,,,,,,,,
AVPT,Technology,,,,,,,,,,,,
AVRO,Healthcare,,,,,,,,,,,,
AVT,Technology,,,,,,,,,,,,
AVTE,Healthcare,,,,,,,,,,,,
AVXL,Healthcare,,,,,,,,,,,,
AWH,Healthcare,,,,,,,,,,,,
AWRE,Technology,,,,,,,,,,,,
AXDX,Healthcare,,,,,,,,,,,,
AXGN,Healthcare,,,,,,,,,,,,
AXLA,Healthcare,,,,,,,,,,,,
AXNX,Healthcare,,,,,,,,,,,,
AXON,Industrials,,,,,,,,,,,,
AXSM,Healthcare,,,,,,,,,,,,
AXTI,Technology,,,,,,,,,,,,
AY,Utilities,,,,,,,,,,,,
AYLA,Healthcare,,,,,,,,,,,,
AYRO,Consumer Cyclical,,,,,,,,,,,,
AYTU,Healthcare,,,,,,,,,,,,
AZ,Industrials,,,,,,,,,,,,
AZN,Healthcare,,,,,,,,,,,,
AZPN,Technology,,,,,,,,,,,,
AZTA,Healthcare,,,,,,,,,,,,
AZYO,Healthcare,,,,,,,,,,,,
BAFN,Financial Services,,,,,,,,,,,,
BAND,Technology,,,,,,,,,,,,
BANF,Financial Services,,,,,,,,,,,,
BANR,Financial Services,,,,,,,,,,,,
BANX,Financial Services,,,,,,,,,,,,
BASE,Technology,,,,,,,,,,,,
BATRA,Communication Services,,,,,,,,,,,,
BATRK,Communication Services,,,,,,,,,,,,
BBBY,Consumer Cyclical,,,,,,,,,,,,
BBCP,Industrials,,,,,,,,,,,,
BBGI,Communication Services,,,,,,,,,,,,
BBIG,Consumer Cyclical,,,,,,,,,,,,
BBIO,Healthcare,,,,,,,,,,,,
BBLG,Healthcare,,,,,,,,,,,,
BBQ,Consumer Cyclical,,,,,,,,,,,,
BBSI,Industrials,,,,,,,,,,,,
BCAB,Healthcare,,,,,,,,,,,,
BCAC,Financial Services,,,,,,,,,,,,
BCACU,Financial Services,,,,,,,,,,,,
BCACW,,,,,,,,,,,,,
BCBP,Financial Services,,,,,,,,,,,,
BCDA,Healthcare,,,,,,,,,,,,
BCEL,Healthcare,,,,,,,,,,,,
BCLI,Healthcare,,,,,,,,,,,,
BCML,Financial Services,,,,,,,,,,,,
BCOR,Financial Services,,,,,,,,,,,,
BCOV,Technology,,,,,,,,,,,,
BCOW,Financial Services,,,,,,,,,,,,
BCPC,Basic Materials,,,,,,,,,,,,
BCRX,Healthcare,,,,,,,,,,,,
BCSA,Financial Services,,,,,,,,,,,,
BCSAU,Financial Services,,,,,,,,,,,,
BCSAW,Financial Services,,,,,,,,,,,,
BCTX,Healthcare,,,,,,,,,,,,
BCYC,Healthcare,,,,,,,,,,,,
BDSX,Healthcare,,,,,,,,,,,,
BDTX,Healthcare,,,,,,,,,,,,
BEAM,Healthcare,,,,,,,,,,,,
BEAT,Healthcare,,,,,,,,,,,,
BECN,Industrials,,,,,,,,,,,,
BEEM,Technology,,,,,,,,,,,,
BELFA,Technology,,,,,,,,,,,,
BELFB,Technology,,,,,,,,,,,,
BENE,Financial Services,,,,,,,,,,,,
BENEU,Financial Services,,,,,,,,,,,,
BFC,Financial Services,,,,,,,,,,,,
BFI,Consumer Cyclical,,,,,,,,,,,,
BFIN,Financial Services,,,,,,,,,,,,
BFRI,Healthcare,,,,,,,,,,,,
BFST,Financial Services,,,,,,,,,,,,
BGCP,Financial Services,,,,,,,,,,,,
BGFV,Consumer Cyclical,,,,,,,,,,,,
BGNE,Healthcare,,,,,,,,,,,,
BGRY,Industrials,,,,,,,,,,,,
BHAC,Financial Services,,,,,,,,,,,,
BHACU,Financial Services,,,,,,,,,,,,
BHACW,Financial Services,,,,,,,,,,,,
BHF,Financial Services,,,,,,,,,,,,
BHFAM,Financial Services,,,,,,,,,,,,
BHFAN,Financial Services,,,,,,,,,,,,
BHFAO,Financial Services,,,,,,,,,,,,
BHFAP,Financial Services,,,,,,,,,,,,
BHSE,Financial Services,,,,,,,,,,,,
BHSEU,Financial Services,,,,,,,,,,,,
BHSEW,,,,,,,,,,,,,
BIDU,Communication Services,,,,,,,,,,,,
BIGC,Technology,,,,,,,,,,,,
BIIB,Healthcare,,,,,,,,,,,,
BILI,Communication Services,,,,,,,,,,,,
BIMI,Healthcare,,,,,,,,,,,,
BIOC,Healthcare,,,,,,,,,,,,
BIOS,Financial Services,,,,,,,,,,,,
BIOSU,Financial Services,,,,,,,,,,,,
BIOSW,Financial Services,,,,,,,,,,,,
BIOT,Financial Services,,,,,,,,,,,,
BIOTU,Financial Services,,,,,,,,,,,,
BIOX,Basic Materials,,,,,,,,,,,,
BIRD,Consumer Cyclical,,,,,,,,,,,,
BITF,Financial Services,,,,,,,,,,,,
BIVI,Healthcare,,,,,,,,,,,,
BJDX,Healthcare,,,,,,,,,,,,
BJRI,Consumer Cyclical,,,,,,,,,,,,
BKCC,Financial Services,,,,,,,,,,,,
BKEP,Energy,,,,,,,,,,,,
BKEPP,Energy,,,,,,,,,,,,
BKNG,Consumer Cyclical,,,,,,,,,,,,
BKR,Energy,,,,,,,,,,,,
BKSC,Financial Services,,,,,,,,,,,,
BKYI,Industrials,,,,,,,,,,,,
BL,Technology,,,,,,,,,,,,
BLBD,Consumer Cyclical,,,,,,,,,,,,
BLBX,Technology,,,,,,,,,,,,
BLCM,Healthcare,,,,,,,,,,,,
BLCT,Communication Services,,,,,,,,,,,,
BLDE,Industrials,,,,,,,,,,,,
BLDP,Industrials,,,,,,,,,,,,
BLFS,Healthcare,,,,,,,,,,,,
BLFY,Financial Services,,,,,,,,,,,,
BLI,Healthcare,,,,,,,,,,,,
BLIN,Technology,,,,,,,,,,,,
BLKB,Technology,,,,,,,,,,,,
BLMN,Consumer Cyclical,,,,,,,,,,,,
BLNG,Financial Services,,,,,,,,,,,,
BLNGU,Financial Services,,,,,,,,,,,,
BLNK,Industrials,,,,,,,,,,,,
BLPH,Healthcare,,,,,,,,,,,,
BLRX,Healthcare,,,,,,,,,,,,
BLSA,Financial Services,,,,,,,,,,,,
BLTS,Financial Services,,,,,,,,,,,,
BLTSU,Financial Services,,,,,,,,,,,,
BLU,Healthcare,,,,,,,,,,,,
BLUE,Healthcare,,,,,,,,,,,,
BLZE,Technology,,,,,,,,,,,,
BMAQ,Financial Services,,,,,,,,,,,,
BMAQU,Financial Services,,,,,,,,,,,,
BMBL,Technology,,,,,,,,,,,,
BMEA,Healthcare,,,,,,,,,,,,
BMRA,Healthcare,,,,,,,,,,,,
BMRC,Financial Services,,,,,,,,,,,,
BMRN,Healthcare,,,,,,,,,,,,
BNFT,Technology,,,,,,,,,,,,
BNIX,Financial Services,,,,,,,,,,,,
BNNR,Financial Services,,,,,,,,,,,,
BNNRU,Financial Services,,,,,,,,,,,,
BNOX,Healthcare,,,,,,,,,,,,
BNR,Healthcare,,,,,,,,,,,,
BNSO,Technology,,,,,,,,,,,,
BNTC,Healthcare,,,,,,,,,,,,
BNTX,Healthcare,,,,,,,,,,,,
BOCNU,Financial Services,,,,,,,,,,,,
BOKF,Financial Services,,,,,,,,,,,,
BOLT,Healthcare,,,,,,,,,,,,
BON,Consumer Defensive,,,,,,,,,,,,
BOOM,Energy,,,,,,,,,,,,
BOSC,Technology,,,,,,,,,,,,
BOTJ,Financial Services,,,,,,,,,,,,
BOXL,Technology,,,,,,,,,,,,
BPAC,Financial Services,,,,,,,,,,,,
BPACU,Financial Services,,,,,,,,,,,,
BPACW,Financial Services,,,,,,,,,,,,
BPMC,Healthcare,,,,,,,,,,,,
BPOP,Financial Services,,,,,,,,,,,,
BPRN,Financial Services,,,,,,,,,,,,
BPTH,Healthcare,,,,,,,,,,,,
BPTS,Healthcare,,,,,,,,,,,,
BPYPN,Real Estate,,,,,,,,,,,,
BPYPO,Real Estate,,,,,,,,,,,,
BPYPP,Real Estate,,,,,,,,,,,,
BRAG,Communication Services,,,,,,,,,,,,
BREZ,Financial Services,,,,,,,,,,,,
BREZR,,,,,,,,,,,,,
BREZW,,,,,,,,,,,,,
BRFH,Consumer Defensive,,,,,,,,,,,,
BRID,Consumer Defensive,,,,,,,,,,,,
BRIV,Financial Services,,,,,,,,,,,,
BRIVU,Financial Services,,,,,,,,,,,,
BRKHU,Financial Services,,,,,,,,,,,,
BRKL,Financial Services,,,,,,,,,,,,
BRKR,Healthcare,,,,,,,,,,,,
BRLI,Financial Services,,,,,,,,,,,,
BRLIU,Financial Services,,,,,,,,,,,,
BRLT,Consumer Cyclical,,,,,,,,,,,,
BRP,Financial Services,,,,,,,,,,,,
BRPM,Financial Services,,,,,,,,,,,,
BRPMU,Financial Services,,,,,,,,,,,,
BRTX,Healthcare,,,,,,,,,,,,
BRY,Energy,,,,,,,,,,,,
BRZE,Technology,,,,,,,,,,,,
BSBK,Financial Services,,,,,,,,,,,,
BSET,Consumer Cyclical,,,,,,,,,,,,
BSFC,Consumer Defensive,,,,,,,,,,,,
BSGA,Financial Services,,,,,,,,,,,,
BSGAU,Financial Services,,,,,,,,,,,,
BSGM,Healthcare,,,,,,,,,,,,
BSKY,Financial Services,,,,,,,,,,,,
BSKYU,Financial Services,,,,,,,,,,,,
BSQR,Technology,,,,,,,,,,,,
BSRR,Financial Services,,,,,,,,,,,,
BSVN,Financial Services,,,,,,,,,,,,
BSY,Technology,,,,,,,,,,,,
BTAI,Healthcare,,,,,,,,,,,,
BTBD,Consumer Cyclical,,,,,,,,,,,,
BTBT,Financial Services,,,,,,,,,,,,
BTCS,Financial Services,,,,,,,,,,,,
BTCY,Healthcare,,,,,,,,,,,,
BTOG,Consumer Defensive,,,,,,,,,,,,
BTRS,Technology,,,,,,,,,,,,
BTTX,Healthcare,,,,,,,,,,,,
BTWN,Financial Services,,,,,,,,,,,,
BTWNU,Financial Services,,,,,,,,,,,,
BTX,Healthcare,,,,,,,,,,,,
BUSE,Financial Services,,,,,,,,,,,,
BVS,Healthcare,,,,,,,,,,,,
BVXV,Healthcare,,,,,,,,,,,,
BWAC,Financial Services,,,,,,,,,,,,
BWACU,Financial Services,,,,,,,,,,,,
BWAY,Healthcare,,,,,,,,,,,,
BWB,Financial Services,,,,,,,,,,,,
BWBBP,Financial Services,,,,,,,,,,,,
BWC,Financial Services,,,,,,,,,,,,
BWCAU,Financial Services,,,,,,,,,,,,
BWEN,Industrials,,,,,,,,,,,,
BWFG,Financial Services,,,,,,,,,,,,
BWMN,Industrials,,,,,,,,,,,,
BWMX,Consumer Cyclical,,,,,,,,,,,,
BXRX,Healthcare,,,,,,,,,,,,
BYFC,Financial Services,,,,,,,,,,,,
BYND,Consumer Defensive,,,,,,,,,,,,
BYRN,Industrials,,,,,,,,,,,,
BYSI,Healthcare,,,,,,,,,,,,
BYTS,Financial Services,,,,,,,,,,,,
BYTSU,Financial Services,,,,,,,,,,,,
BZ,Industrials,,,,,,,,,,,,
BZFD,Communication Services,,,,,,,,,,,,
BZFDW,Communication Services,,,,,,,,,,,,
BZUN,Consumer Cyclical,,,,,,,,,,,,
CAAS,Consumer Cyclical,,,,,,,,,,,,
CABA,Healthcare,,,,,,,,,,,,
CAC,Financial Services,,,,,,,,,,,,
CACC,Financial Services,,,,,,,,,,,,
CADL,Healthcare,,,,,,,,,,,,
CAKE,Consumer Cyclical,,,,,,,,,,,,
CALB,Financial Services,,,,,,,,,,,,
CALM,Consumer Defensive,,,,,,,,,,,,
CALT,Healthcare,,,,,,,,,,,,
CAMP,Technology,,,,,,,,,,,,
CAMT,Technology,,,,,,,,,,,,
CAN,Technology,,,,,,,,,,,,
CAPR,Healthcare,,,,,,,,,,,,
CAR,Industrials,,,,,,,,,,,,
CARA,Healthcare,,,,,,,,,,,,
CARE,Financial Services,,,,,,,,,,,,
CARG,Communication Services,,,,,,,,,,,,
CARV,Financial Services,,,,,,,,,,,,
CASA,Technology,,,,,,,,,,,,
CASH,Financial Services,,,,,,,,,,,,
CASS,Industrials,,,,,,,,,,,,
CASY,Consumer Defensive,,,,,,,,,,,,
CATC,Financial Services,,,,,,,,,,,,
CATY,Financial Services,,,,,,,,,,,,
CBAN,Financial Services,,,,,,,,,,,,
CBAT,Industrials,,,,,,,,,,,,
CBAY,Healthcare,,,,,,,,,,,,
CBFV,Financial Services,,,,,,,,,,,,
CBNK,Financial Services,,,,,,,,,,,,
CBRG,Financial Services,,,,,,,,,,,,
CBRGU,Financial Services,,,,,,,,,,,,
CBRGW,Financial Services,,,,,,,,,,,,
CBRL,Consumer Cyclical,,,,,,,,,,,,
CBSH,Financial Services,,,,,,,,,,,,
CBTX,Financial Services,,,,,,,,,,,,
CCAI,Financial Services,,,,,,,,,,,,
CCAIU,Financial Services,,,,,,,,,,,,
CCAP,Financial Services,,,,,,,,,,,,
CCB,Financial Services,,,,,,,,,,,,
CCBG,Financial Services,,,,,,,,,,,,
CCCC,Healthcare,,,,,,,,,,,,
CCD,Financial Services,,,,,,,,,,,,
CCEP,Consumer Defensive,,,,,,,,,,,,
CCLP,Energy,,,,,,,,,,,,
CCMP,Technology,,,,,,,,,,,,
CCNC,Basic Materials,,,,,,,,,,,,
CCNE,Financial Services,,,,,,,,,,,,
CCNEP,Financial Services,,,,,,,,,,,,
CCOI,Communication Services,,,,,,,,,,,,
CCRN,Healthcare,,,,,,,,,,,,
CCSI,Technology,,,,,,,,,,,,
CCTS,Financial Services,,,,,,,,,,,,
CCTSU,Financial Services,,,,,,,,,,,,
CCTSW,Financial Services,,,,,,,,,,,,
CCXI,Healthcare,,,,,,,,,,,,
CD,Technology,,,,,,,,,,,,
CDAK,Healthcare,,,,,,,,,,,,
CDAQ,Financial Services,,,,,,,,,,,,
CDAQU,Financial Services,,,,,,,,,,,,
CDAQW,Financial Services,,,,,,,,,,,,
CDEV,Energy,,,,,,,,,,,,
CDK,Technology,,,,,,,,,,,,
CDLX,Communication Services,,,,,,,,,,,,
CDMO,Healthcare,,,,,,,,,,,,
CDNA,Healthcare,,,,,,,,,,,,
CDNS,Technology,,,,,,,,,,,,
CDRO,Consumer Cyclical,,,,,,,,,,,,
CDROW,Consumer Cyclical,,,,,,,,,,,,
CDW,Technology,,,,,,,,,,,,
CDXC,Healthcare,,,,,,,,,,,,
CDXS,Healthcare,,,,,,,,,,,,
CDZI,Utilities,,,,,,,,,,,,
CDZIP,Utilities,,,,,,,,,,,,
CECE,Industrials,,,,,,,,,,,,
CELC,Healthcare,,,,,,,,,,,,
CELH,Consumer Defensive,,,,,,,,,,,,
CELU,Healthcare,,,,,,,,,,,,
CELUW,Healthcare,,,,,,,,,,,,
CELZ,Healthcare,,,,,,,,,,,,
CENN,Consumer Cyclical,,,,,,,,,,,,
CENQ,Financial Services,,,,,,,,,,,,
CENQU,Financial Services,,,,,,,,,,,,
CENT,Consumer Defensive,,,,,,,,,,,,
CENTA,Consumer Defensive,,,,,,,,,,,,
CENX,Basic Materials,,,,,,,,,,,,
CERE,Healthcare,,,,,,,,,,,,
CERN,Healthcare,,,,,,,,,,,,
CERS,Healthcare,,,,,,,,,,,,
CERT,Healthcare,,,,,,,,,,,,
CETXP,Technology,,,,,,,,,,,,
CEVA,Technology,,,,,,,,,,,,
CFB,Financial Services,,,,,,,,,,,,
CFBK,Financial Services,,,,,,,,,,,,
CFFE,Financial Services,,,,,,,,,,,,
CFFEU,Financial Services,,,,,,,,,,,,
CFFI,Financial Services,,,,,,,,,,,,
CFFN,Financial Services,,,,,,,,,,,,
CFIV,Financial Services,,,,,,,,,,,,
CFIVU,Financial Services,,,,,,,,,,,,
CFLT,Technology,,,,,,,,,,,,
CFRX,Healthcare,,,,,,,,,,,,
CFSB,Financial Services,,,,,,,,,,,,
CFVI,Financial Services,,,,,,,,,,,,
CFVIU,Financial Services,,,,,,,,,,,,
CG,Financial Services,,,,,,,,,,,,
CGBD,Financial Services,,,,,,,,,,,,
CGC,Healthcare,,,,,,,,,,,,
CGEM,Healthcare,,,,,,,,,,,,
CGEN,Healthcare,,,,,,,,,,,,
CGNT,Technology,,,,,,,,,,,,
CGNX,Technology,,,,,,,,,,,,
CGO,Financial Services,,,,,,,,,,,,
CGRN,Industrials,,,,,,,,,,,,
CGTX,Healthcare,,,,,,,,,,,,
CHCI,Real Estate,,,,,,,,,,,,
CHCO,Financial Services,,,,,,,,,,,,
CHDN,Consumer Cyclical,,,,,,,,,,,,
CHEF,Consumer Defensive,,,,,,,,,,,,
CHI,Financial Services,,,,,,,,,,,,
CHK,Energy,,,,,,,,,,,,
CHKP,Technology,,,,,,,,,,,,
CHMG,Financial Services,,,,,,,,,,,,
CHNG,Healthcare,,,,,,,,,,,,
CHNR,Basic Materials,,,,,,,,,,,,
CHRS,Healthcare,,,,,,,,,,,,
CHRW,Industrials,,,,,,,,,,,,
CHSCL,Consumer Defensive,,,,,,,,,,,,
CHSCM,Consumer Defensive,,,,,,,,,,,,
CHSCN,Consumer Defensive,,,,,,,,,,,,
CHSCO,Consumer Defensive,,,,,,,,,,,,
CHSCP,Consumer Defensive,,,,,,,,,,,,
CHTR,Communication Services,,,,,,,,,,,,
CHUY,Consumer Cyclical,,,,,,,,,,,,
CHW,Financial Services,,,,,,,,,,,,
CHWA,Financial Services,,,,,,,,,,,,
CHWAU,Financial Services,,,,,,,,,,,,
CHX,Energy,,,,,,,,,,,,
CHY,Financial Services,,,,,,,,,,,,
CIFR,Financial Services,,,,,,,,,,,,
CIGI,Real Estate,,,,,,,,,,,,
CIH,Technology,,,,,,,,,,,,
CIIG,Financial Services,,,,,,,,,,,,
CIIGU,Financial Services,,,,,,,,,,,,
CINC,Healthcare,,,,,,,,,,,,
CINF,Financial Services,,,,,,,,,,,,
CING,Healthcare,,,,,,,,,,,,
CINGW,Healthcare,,,,,,,,,,,,
CISO,Technology,,,,,,,,,,,,
CITEU,Financial Services,,,,,,,,,,,,
CIVB,Financial Services,,,,,,,,,,,,
CIZN,Financial Services,,,,,,,,,,,,
CJJD,Healthcare,,,,,,,,,,,,
CKPT,Healthcare,,,,,,,,,,,,
CLAQ,Financial Services,,,,,,,,,,,,
CLAQU,Financial Services,,,,,,,,,,,,
CLAR,Consumer Cyclical,,,,,,,,,,,,
CLAY,Financial Services,,,,,,,,,,,,
CLAYU,Financial Services,,,,,,,,,,,,
CLBK,Financial Services,,,,,,,,,,,,
CLBT,Technology,,,,,,,,,,,,
CLDX,Healthcare,,,,,,,,,,,,
CLEU,Consumer Defensive,,,,,,,,,,,,
CLFD,Technology,,,,,,,,,,,,
CLGN,Healthcare,,,,,,,,,,,,
CLIR,Industrials,,,,,,,,,,,,
CLLS,Healthcare,,,,,,,,,,,,
CLMT,Energy,,,,,,,,,,,,
CLNE,Energy,,,,,,,,,,,,
CLNN,Healthcare,,,,,,,,,,,,
CLOE,Financial Services,,,,,,,,,,,,
CLOEU,Financial Services,,,,,,,,,,,,
CLOV,Healthcare,,,,,,,,,,,,
CLPS,Technology,,,,,,,,,,,,
CLPT,Healthcare,,,,,,,,,,,,
CLRM,Financial Services,,,,,,,,,,,,
CLRMU,Financial Services,,,,,,,,,,,,
CLSD,Healthcare,,,,,,,,,,,,
CLSK,Technology,,,,,,,,,,,,
CLSN,Healthcare,,,,,,,,,,,,
CLST,Financial Services,,,,,,,,,,,,
CLVR,Healthcare,,,,,,,,,,,,
CLVRW,Healthcare,,,,,,,,,,,,
CLVS,Healthcare,,,,,,,,,,,,
CLWT,Industrials,,,,,,,,,,,,
CLXT,Consumer Defensive,,,,,,,,,,,,
CMAX,Healthcare,,,,,,,,,,,,
CMBM,Technology,,,,,,,,,,,,
CMCA,Financial Services,,,,,,,,,,,,
CMCAU,Financial Services,,,,,,,,,,,,
CMCO,Industrials,,,,,,,,,,,,
CMCSA,Communication Services,,,,,,,,,,,,
CMCT,Real Estate,,,,,,,,,,,,
CMCTP,Real Estate,,,,,,,,,,,,
CME,Financial Services,,,,,,,,,,,,
CMLS,Communication Services,,,,,,,,,,,,
CMMB,Healthcare,,,,,,,,,,,,
CMPI,Healthcare,,,,,,,,,,,,
CMPO,Industrials,,,,,,,,,,,,
CMPOW,Industrials,,,,,,,,,,,,
CMPR,Communication Services,,,,,,,,,,,,
CMPS,Healthcare,,,,,,,,,,,,
CMPX,Healthcare,,,,,,,,,,,,
CMRX,Healthcare,,,,,,,,,,,,
CMTL,Technology,,,,,,,,,,,,
CNCE,Healthcare,,,,,,,,,,,,
CNDT,Technology,,,,,,,,,,,,
CNEY,Basic Materials,,,,,,,,,,,,
CNFR,Financial Services,,,,,,,,,,,,
CNNB,Financial Services,,,,,,,,,,,,
CNOB,Financial Services,,,,,,,,,,,,
CNOBP,Financial Services,,,,,,,,,,,,
CNSL,Communication Services,,,,,,,,,,,,
CNTA,Healthcare,,,,,,,,,,,,
CNTB,Healthcare,,,,,,,,,,,,
CNTG,Healthcare,,,,,,,,,,,,
CNTQ,Financial Services,,,,,,,,,,,,
CNTQU,Financial Services,,,,,,,,,,,,
CNTX,Healthcare,,,,,,,,,,,,
CNTY,Consumer Cyclical,,,,,,,,,,,,
CNXC,Technology,,,,,,,,,,,,
CNXN,Technology,,,,,,,,,,,,
COCO,Consumer Defensive,,,,,,,,,,,,
CODA,Industrials,,,,,,,,,,,,
CODX,Healthcare,,,,,,,,,,,,
COFS,Financial Services,,,,,,,,,,,,
COGT,Healthcare,,,,,,,,,,,,
COHR,Technology,,,,,,,,,,,,
COHU,Technology,,,,,,,,,,,,
COIN,Technology,,,,,,,,,,,,
COKE,Consumer Defensive,,,,,,,,,,,,
COLB,Financial Services,,,,,,,,,,,,
COLI,Financial Services,,,,,,,,,,,,
COLIU,Financial Services,,,,,,,,,,,,
COLL,Healthcare,,,,,,,,,,,,
COLM,Consumer Cyclical,,,,,,,,,,,,
COMM,Technology,,,,,,,,,,,,
CONN,Consumer Cyclical,,,,,,,,,,,,
CONX,Financial Services,,,,,,,,,,,,
CONXU,Financial Services,,,,,,,,,,,,
COOL,Financial Services,,,,,,,,,,,,
COOLU,Financial Services,,,,,,,,,,,,
COOP,Financial Services,,,,,,,,,,,,
CORT,Healthcare,,,,,,,,,,,,
COSM,Healthcare,,,,,,,,,,,,
COST,Consumer Defensive,,,,,,,,,,,,
COUP,Technology,,,,,,,,,,,,
COVA,Financial Services,,,,,,,,,,,,
COVAU,Financial Services,,,,,,,,,,,,
COWN,Financial Services,,,,,,,,,,,,
CPAA,Financial Services,,,,,,,,,,,,
CPAAU,Financial Services,,,,,,,,,,,,
CPAR,Financial Services,,,,,,,,,,,,
CPARU,Financial Services,,,,,,,,,,,,
CPHC,Consumer Cyclical,,,,,,,,,,,,
CPIX,Healthcare,,,,,,,,,,,,
CPLP,Industrials,,,,,,,,,,,,
CPOP,Communication Services,,,,,,,,,,,,
CPRT,Industrials,,,,,,,,,,,,
CPRX,Healthcare,,,,,,,,,,,,
CPSH,Technology,,,,,,,,,,,,
CPSI,Healthcare,,,,,,,,,,,,
CPSS,Financial Services,,,,,,,,,,,,
CPTN,Technology,,,,,,,,,,,,
CPTNW,Technology,,,,,,,,,,,,
CPZ,,,,,,,,,,,,,
CRAI,Industrials,,,,,,,,,,,,
CRBU,Healthcare,,,,,,,,,,,,
CRCT,Technology,,,,,,,,,,,,
CRDF,Healthcare,,,,,,,,,,,,
CRDL,Healthcare,,,,,,,,,,,,
CRDO,Technology,,,,,,,,,,,,
CREC,Financial Services,,,,,,,,,,,,
CRECU,Financial Services,,,,,,,,,,,,
CRECW,Financial Services,,,,,,,,,,,,
CRESY,Industrials,,,,,,,,,,,,
CRGE,Technology,,,,,,,,,,,,
CRIS,Healthcare,,,,,,,,,,,,
CRKN,Basic Materials,,,,,,,,,,,,
CRMD,Healthcare,,,,,,,,,,,,
CRMT,Consumer Cyclical,,,,,,,,,,,,
CRNC,Technology,,,,,,,,,,,,
CRNT,Technology,,,,,,,,,,,,
CRNX,Healthcare,,,,,,,,,,,,
CRON,Healthcare,,,,,,,,,,,,
CROX,Consumer Cyclical,,,,,,,,,,,,
CRSP,Healthcare,,,,,,,,,,,,
CRSR,Technology,,,,,,,,,,,,
CRTO,Communication Services,,,,,,,,,,,,
CRTX,Healthcare,,,,,,,,,,,,
CRUS,Technology,,,,,,,,,,,,
CRVL,Financial Services,,,,,,,,,,,,
CRVS,Healthcare,,,,,,,,,,,,
CRWD,Technology,,,,,,,,,,,,
CRWS,Consumer Cyclical,,,,,,,,,,,,
CRZN,Financial Services,,,,,,,,,,,,
CRZNU,Financial Services,,,,,,,,,,,,
CSBR,Healthcare,,,,,,,,,,,,
CSCO,Technology,,,,,,,,,,,,
CSGP,Real Estate,,,,,,,,,,,,
CSGS,Technology,,,,,,,,,,,,
CSII,Healthcare,,,,,,,,,,,,
CSIQ,Technology,,,,,,,,,,,,
CSPI,Technology,,,,,,,,,,,,
CSQ,Financial Services,,,,,,,,,,,,
CSSE,Communication Services,,,,,,,,,,,,
CSSEP,Communication Services,,,,,,,,,,,,
CSTE,Industrials,,,,,,,,,,,,
CSTL,Healthcare,,,,,,,,,,,,
CSTR,Financial Services,,,,,,,,,,,,
CSWC,Financial Services,,,,,,,,,,,,
CSWI,Industrials,,,,,,,,,,,,
CSX,Industrials,,,,,,,,,,,,
CTAQ,Financial Services,,,,,,,,,,,,
CTAQU,Financial Services,,,,,,,,,,,,
CTAS,Industrials,,,,,,,,,,,,
CTBI,Financial Services,,,,,,,,,,,,
CTG,Technology,,,,,,,,,,,,
CTHR,Consumer Cyclical,,,,,,,,,,,,
CTIC,Healthcare,,,,,,,,,,,,
CTKB,Healthcare,,,,,,,,,,,,
CTLP,Technology,,,,,,,,,,,,
CTMX,Healthcare,,,,,,,,,,,,
CTRE,Real Estate,,,,,,,,,,,,
CTRM,Industrials,,,,,,,,,,,,
CTRN,Consumer Cyclical,,,,,,,,,,,,
CTSH,Technology,,,,,,,,,,,,
CTSO,Healthcare,,,,,,,,,,,,
CTXR,Healthcare,,,,,,,,,,,,
CTXS,Technology,,,,,,,,,,,,
CUBA,Financial Services,,,,,,,,,,,,
CUE,Healthcare,,,,,,,,,,,,
CUEN,Technology,,,,,,,,,,,,
CULL,Financial Services,,,,,,,,,,,,
CURI,Communication Services,,,,,,,,,,,,
CUTR,Healthcare,,,,,,,,,,,,
CVAC,Healthcare,,,,,,,,,,,,
CVBF,Financial Services,,,,,,,,,,,,
CVCO,Consumer Cyclical,,,,,,,,,,,,
CVCY,Financial Services,,,,,,,,,,,,
CVET,Healthcare,,,,,,,,,,,,
CVGI,Consumer Cyclical,,,,,,,,,,,,
CVGW,Consumer Defensive,,,,,,,,,,,,
CVLG,Industrials,,,,,,,,,,,,
CVLT,Technology,,,,,,,,,,,,
CVLY,Financial Services,,,,,,,,,,,,
CVRX,Healthcare,,,,,,,,,,,,
CVT,Technology,,,,,,,,,,,,
CVV,Industrials,,,,,,,,,,,,
CWBC,Financial Services,,,,,,,,,,,,
CWCO,Utilities,,,,,,,,,,,,
CWST,Industrials,,,,,,,,,,,,
CXDO,Communication Services,,,,,,,,,,,,
CYAD,Healthcare,,,,,,,,,,,,
CYAN,Consumer Defensive,,,,,,,,,,,,
CYBE,Technology,,,,,,,,,,,,
CYBR,Technology,,,,,,,,,,,,
CYCC,Healthcare,,,,,,,,,,,,
CYCCP,Healthcare,,,,,,,,,,,,
CYCN,Healthcare,,,,,,,,,,,,
CYN,Technology,,,,,,,,,,,,
CYRN,Technology,,,,,,,,,,,,
CYRX,Industrials,,,,,,,,,,,,
CYT,Healthcare,,,,,,,,,,,,
CYTH,Healthcare,,,,,,,,,,,,
CYTK,Healthcare,,,,,,,,,,,,
CYTO,Healthcare,,,,,,,,,,,,
CYXT,Technology,,,,,,,,,,,,
CZNC,Financial Services,,,,,,,,,,,,
CZR,Consumer Cyclical,,,,,,,,,,,,
CZWI,Financial Services,,,,,,,,,,,,
DADA,Consumer Cyclical,,,,,,,,,,,,
DAIO,Technology,,,,,,,,,,,,
DAKT,Technology,,,,,,,,,,,,
DALN,Communication Services,,,,,,,,,,,,
DALS,Financial Services,,,,,,,,,,,,
DAOOU,Financial Services,,,,,,,,,,,,
DARE,Healthcare,,,,,,,,,,,,
DATS,Technology,,,,,,,,,,,,
DAVE,Technology,,,,,,,,,,,,
DAVEW,Technology,,,,,,,,,,,,
DAWN,Healthcare,,,,,,,,,,,,
DBTX,Healthcare,,,,,,,,,,,,
DBVT,Healthcare,,,,,,,,,,,,
DBX,Technology,,,,,,,,,,,,
DCBO,Technology,,,,,,,,,,,,
DCGO,Healthcare,,,,,,,,,,,,
DCOM,Financial Services,,,,,,,,,,,,
DCOMP,Financial Services,,,,,,,,,,,,
DCPH,Healthcare,,,,,,,,,,,,
DCRD,Financial Services,,,,,,,,,,,,
DCRDU,Financial Services,,,,,,,,,,,,
DCTH,Healthcare,,,,,,,,,,,,
DDI,Communication Services,,,,,,,,,,,,
DDOG,Technology,,,,,,,,,,,,
DENN,Consumer Cyclical,,,,,,,,,,,,
DERM,Healthcare,,,,,,,,,,,,
DFH,Consumer Cyclical,,,,,,,,,,,,
DGHI,Technology,,,,,,,,,,,,
DGICA,Financial Services,,,,,,,,,,,,
DGICB,Financial Services,,,,,,,,,,,,
DGII,Technology,,,,,,,,,,,,
DGLY,Industrials,,,,,,,,,,,,
DGNU,Financial Services,,,,,,,,,,,,
DH,Healthcare,,,,,,,,,,,,
DHAC,Financial Services,,,,,,,,,,,,
DHACU,Financial Services,,,,,,,,,,,,
DHACW,Financial Services,,,,,,,,,,,,
DHBC,Financial Services,,,,,,,,,,,,
DHBCU,Financial Services,,,,,,,,,,,,
DHC,Real Estate,,,,,,,,,,,,
DHCA,Financial Services,,,,,,,,,,,,
DHCAU,Financial Services,,,,,,,,,,,,
DHHC,Financial Services,,,,,,,,,,,,
DHHCU,Financial Services,,,,,,,,,,,,
DHIL,Financial Services,,,,,,,,,,,,
DIBS,Consumer Cyclical,,,,,,,,,,,,
DICE,Healthcare,,,,,,,,,,,,
DILA,Financial Services,,,,,,,,,,,,
DILAU,Financial Services,,,,,,,,,,,,
DIOD,Technology,,,,,,,,,,,,
DISA,Financial Services,,,,,,,,,,,,
DISAU,Financial Services,,,,,,,,,,,,
DISH,Communication Services,,,,,,,,,,,,
DJCO,Communication Services,,,,,,,,,,,,
DKDCA,Financial Services,,,,,,,,,,,,
DKDCU,Financial Services,,,,,,,,,,,,
DKNG,Consumer Cyclical,,,,,,,,,,,,
DLCA,Financial Services,,,,,,,,,,,,
DLCAU,Financial Services,,,,,,,,,,,,
DLHC,Industrials,,,,,,,,,,,,
DLO,Technology,,,,,,,,,,,,
DLTH,Consumer Cyclical,,,,,,,,,,,,
DLTR,Consumer Defensive,,,,,,,,,,,,
DMAC,Healthcare,,,,,,,,,,,,
DMAQ,Financial Services,,,,,,,,,,,,
DMAQR,,,,,,,,,,,,,
DMLP,Energy,,,,,,,,,,,,
DMRC,Technology,,,,,,,,,,,,
DMTK,Healthcare,,,,,,,,,,,,
DNAA,Financial Services,,,,,,,,,,,,
DNAB,Financial Services,,,,,,,,,,,,
DNAC,Financial Services,,,,,,,,,,,,
DNAD,Financial Services,,,,,,,,,,,,
DNAY,Healthcare,,,,,,,,,,,,
DNLI,Healthcare,,,,,,,,,,,,
DNUT,Consumer Defensive,,,,,,,,,,,,
DOCU,Technology,,,,,,,,,,,,
DOGZ,Consumer Defensive,,,,,,,,,,,,
DOMO,Technology,,,,,,,,,,,,
DOOO,Consumer Cyclical,,,,,,,,,,,,
DORM,Consumer Cyclical,,,,,,,,,,,,
DOX,Technology,,,,,,,,,,,,
DOYU,Communication Services,,,,,,,,,,,,
DPCS,Financial Services,,,,,,,,,,,,
DPCSU,Financial Services,,,,,,,,,,,,
DPCSW,Financial Services,,,,,,,,,,,,
DPRO,Industrials,,,,,,,,,,,,
DRAY,Financial Services,,,,,,,,,,,,
DRAYU,Financial Services,,,,,,,,,,,,
DRIO,Healthcare,,,,,,,,,,,,
DRMA,Healthcare,,,,,,,,,,,,
DRTT,Industrials,,,,,,,,,,,,
DRUG,Healthcare,,,,,,,,,,,,
DRVN,Consumer Cyclical,,,,,,,,,,,,
DSAC,Financial Services,,,,,,,,,,,,
DSACU,Financial Services,,,,,,,,,,,,
DSEY,Consumer Cyclical,,,,,,,,,,,,
DSGN,Healthcare,,,,,,,,,,,,
DSGX,Technology,,,,,,,,,,,,
DSKE,Industrials,,,,,,,,,,,,
DSP,Technology,,,,,,,,,,,,
DSWL,Technology,,,,,,,,,,,,
DTEA,Consumer Defensive,,,,,,,,,,,,
DTIL,Healthcare,,,,,,,,,,,,
DTOC,Financial Services,,,,,,,,,,,,
DTOCU,Financial Services,,,,,,,,,,,,
DTRT,Financial Services,,,,,,,,,,,,
DTRTU,Financial Services,,,,,,,,,,,,
DTSS,Technology,,,,,,,,,,,,
DTST,Technology,,,,,,,,,,,,
DUNE,Financial Services,,,,,,,,,,,,
DUNEU,Financial Services,,,,,,,,,,,,
DUOL,Technology,,,,,,,,,,,,
DVAX,Healthcare,,,,,,,,,,,,
DWAC,Financial Services,,,,,,,,,,,,
DWACU,Financial Services,,,,,,,,,,,,
DWACW,Financial Services,,,,,,,,,,,,
DWSN,Energy,,,,,,,,,,,,
DXCM,Healthcare,,,,,,,,,,,,
DXLG,Consumer Cyclical,,,,,,,,,,,,
DXPE,Industrials,,,,,,,,,,,,
DXR,Healthcare,,,,,,,,,,,,
DXYN,Consumer Cyclical,,,,,,,,,,,,
DYAI,Healthcare,,,,,,,,,,,,
DYN,Healthcare,,,,,,,,,,,,
DYNS,Financial Services,,,,,,,,,,,,
DZSI,Technology,,,,,,,,,,,,
EA,Communication Services,,,,,,,,,,,,
EAC,Financial Services,,,,,,,,,,,,
EACPU,Financial Services,,,,,,,,,,,,
EAST,Consumer Defensive,,,,,,,,,,,,
EBAC,Financial Services,,,,,,,,,,,,
EBACU,Financial Services,,,,,,,,,,,,
EBAY,Consumer Cyclical,,,,,,,,,,,,
EBC,Financial Services,,,,,,,,,,,,
EBET,Consumer Cyclical,,,,,,,,,,,,
EBIX,Technology,,,,,,,,,,,,
EBMT,Financial Services,,,,,,,,,,,,
EBON,Technology,,,,,,,,,,,,
EBTC,Financial Services,,,,,,,,,,,,
ECOL,Industrials,,,,,,,,,,,,
ECPG,Financial Services,,,,,,,,,,,,
EDAP,Healthcare,,,,,,,,,,,,
EDIT,Healthcare,,,,,,,,,,,,
EDNC,Financial Services,,,,,,,,,,,,
EDNCU,Financial Services,,,,,,,,,,,,
EDRY,Industrials,,,,,,,,,,,,
EDSA,Healthcare,,,,,,,,,,,,
EDTK,Consumer Defensive,,,,,,,,,,,,
EDTX,Financial Services,,,,,,,,,,,,
EDTXU,Financial Services,,,,,,,,,,,,
EDUC,Communication Services,,,,,,,,,,,,
EEFT,Technology,,,,,,,,,,,,
EEIQ,Consumer Defensive,,,,,,,,,,,,
EFOI,Consumer Cyclical,,,,,,,,,,,,
EFSC,Financial Services,,,,,,,,,,,,
EFSCP,Financial Services,,,,,,,,,,,,
EFTR,Healthcare,,,,,,,,,,,,
EGAN,Technology,,,,,,,,,,,,
EGBN,Financial Services,,,,,,,,,,,,
EGLE,Industrials,,,,,,,,,,,,
EGLX,Communication Services,,,,,,,,,,,,
EGRX,Healthcare,,,,,,,,,,,,
EH,Industrials,,,,,,,,,,,,
EHTH,Financial Services,,,,,,,,,,,,
EIGR,Healthcare,,,,,,,,,,,,
EJFA,Financial Services,,,,,,,,,,,,
EJFAU,Financial Services,,,,,,,,,,,,
EKSO,Healthcare,,,,,,,,,,,,
ELDN,Healthcare,,,,,,,,,,,,
ELEV,Healthcare,,,,,,,,,,,,
ELSE,Technology,,,,,,,,,,,,
ELTK,Technology,,,,,,,,,,,,
ELYM,Healthcare,,,,,,,,,,,,
ELYS,Consumer Cyclical,,,,,,,,,,,,
EM,Consumer Cyclical,,,,,,,,,,,,
EMBK,Technology,,,,,,,,,,,,
EMCF,Financial Services,,,,,,,,,,,,
EMKR,Technology,,,,,,,,,,,,
EML,Industrials,,,,,,,,,,,,
EMLDU,Financial Services,,,,,,,,,,,,
ENCP,Financial Services,,,,,,,,,,,,
ENCPU,Financial Services,,,,,,,,,,,,
ENDP,Healthcare,,,,,,,,,,,,
ENER,Financial Services,,,,,,,,,,,,
ENERR,,,,,,,,,,,,,
ENERU,Financial Services,,,,,,,,,,,,
ENERW,Financial Services,,,,,,,,,,,,
ENG,Industrials,,,,,,,,,,,,
ENJY,Consumer Cyclical,,,,,,,,,,,,
ENLV,Healthcare,,,,,,,,,,,,
ENOB,Healthcare,,,,,,,,,,,,
ENPH,Technology,,,,,,,,,,,,
ENSC,Healthcare,,,,,,,,,,,,
ENSG,Healthcare,,,,,,,,,,,,
ENTA,Healthcare,,,,,,,,,,,,
ENTF,Financial Services,,,,,,,,,,,,
ENTFU,Financial Services,,,,,,,,,,,,
ENTFW,Financial Services,,,,,,,,,,,,
ENTG,Technology,,,,,,,,,,,,
ENTX,Healthcare,,,,,,,,,,,,
ENVX,Industrials,,,,,,,,,,,,
EOLS,Healthcare,,,,,,,,,,,,
EOSE,Industrials,,,,,,,,,,,,
EPAY,Technology,,,,,,,,,,,,
EPHY,Financial Services,,,,,,,,,,,,
EPHYU,Financial Services,,,,,,,,,,,,
EPIX,Healthcare,,,,,,,,,,,,
EPSN,Energy,,,,,,,,,,,,
EPZM,Healthcare,,,,,,,,,,,,
EQ,Healthcare,,,,,,,,,,,,
EQBK,Financial Services,,,,,,,,,,,,
EQIX,Real Estate,,,,,,,,,,,,
EQOS,Financial Services,,,,,,,,,,,,
EQRX,Healthcare,,,,,,,,,,,,
EQRXW,Healthcare,,,,,,,,,,,,
ERAS,Healthcare,,,,,,,,,,,,
ERIC,Technology,,,,,,,,,,,,
ERIE,Financial Services,,,,,,,,,,,,
ERII,Industrials,,,,,,,,,,,,
ERYP,Healthcare,,,,,,,,,,,,
ESAC,Financial Services,,,,,,,,,,,,
ESACU,Financial Services,,,,,,,,,,,,
ESACW,Financial Services,,,,,,,,,,,,
ESBK,Financial Services,,,,,,,,,,,,
ESCA,Consumer Cyclical,,,,,,,,,,,,
ESEA,Industrials,,,,,,,,,,,,
ESGR,Financial Services,,,,,,,,,,,,
ESGRO,Financial Services,,,,,,,,,,,,
ESGRP,Financial Services,,,,,,,,,,,,
ESLT,Industrials,,,,,,,,,,,,
ESOA,Industrials,,,,,,,,,,,,
ESPR,Healthcare,,,,,,,,,,,,
ESQ,Financial Services,,,,,,,,,,,,
ESSA,Financial Services,,,,,,,,,,,,
ESSC,Financial Services,,,,,,,,,,,,
ESSCU,Financial Services,,,,,,,,,,,,
ESTA,Healthcare,,,,,,,,,,,,
ETAC,Financial Services,,,,,,,,,,,,
ETACU,Financial Services,,,,,,,,,,,,
ETNB,Healthcare,,,,,,,,,,,,
ETON,Healthcare,,,,,,,,,,,,
ETSY,Consumer Cyclical,,,,,,,,,,,,
ETTX,Healthcare,,,,,,,,,,,,
EUCR,Financial Services,,,,,,,,,,,,
EUCRU,Financial Services,,,,,,,,,,,,
EVAX,Healthcare,,,,,,,,,,,,
EVBG,Technology,,,,,,,,,,,,
EVCM,Technology,,,,,,,,,,,,
EVER,Communication Services,,,,,,,,,,,,
EVGBC,,,,,,,,,,,,,
EVGN,Healthcare,,,,,,,,,,,,
EVGO,Consumer Cyclical,,,,,,,,,,,,
EVK,Consumer Cyclical,,,,,,,,,,,,
EVLMC,,,,,,,,,,,,,
EVLO,Healthcare,,,,,,,,,,,,
EVLV,Industrials,,,,,,,,,,,,
EVLVW,Industrials,,,,,,,,,,,,
EVO,Healthcare,,,,,,,,,,,,
EVOJ,Financial Services,,,,,,,,,,,,
EVOJU,Financial Services,,,,,,,,,,,,
EVOP,Technology,,,,,,,,,,,,
EVSTC,,,,,,,,,,,,,
EWBC,Financial Services,,,,,,,,,,,,
EWCZ,Consumer Defensive,,,,,,,,,,,,
EWTX,Healthcare,,,,,,,,,,,,
EXAI,Healthcare,,,,,,,,,,,,
EXAS,Healthcare,,,,,,,,,,,,
EXC,Utilities,,,,,,,,,,,,
EXEL,Healthcare,,,,,,,,,,,,
EXFY,Technology,,,,,,,,,,,,
EXLS,Technology,,,,,,,,,,,,
EXPD,Industrials,,,,,,,,,,,,
EXPE,Consumer Cyclical,,,,,,,,,,,,
EXPI,Real Estate,,,,,,,,,,,,
EXPO,Industrials,,,,,,,,,,,,
EXTR,Technology,,,,,,,,,,,,
EYE,Consumer Cyclical,,,,,,,,,,,,
EYEN,Healthcare,,,,,,,,,,,,
EYES,Healthcare,,,,,,,,,,,,
EYPT,Healthcare,,,,,,,,,,,,
EZFL,Technology,,,,,,,,,,,,
EZGO,Consumer Cyclical,,,,,,,,,,,,
EZPW,Financial Services,,,,,,,,,,,,
FA,Industrials,,,,,,,,,,,,
FANG,Energy,,,,,,,,,,,,
FANH,Financial Services,,,,,,,,,,,,
FARM,Consumer Defensive,,,,,,,,,,,,
FARO,Technology,,,,,,,,,,,,
FAST,Industrials,,,,,,,,,,,,
FAT,Consumer Cyclical,,,,,,,,,,,,
FATBB,Consumer Cyclical,,,,,,,,,,,,
FATBP,Consumer Cyclical,,,,,,,,,,,,
FATE,Healthcare,,,,,,,,,,,,
FATP,Financial Services,,,,,,,,,,,,
FATPU,Financial Services,,,,,,,,,,,,
FATPW,Financial Services,,,,,,,,,,,,
FB,Communication Services,,,,,,,,,,,,
FBIO,Healthcare,,,,,,,,,,,,
FBIOP,Healthcare,,,,,,,,,,,,
FBIZ,Financial Services,,,,,,,,,,,,
FBMS,Financial Services,,,,,,,,,,,,
FBNC,Financial Services,,,,,,,,,,,,
FBRX,Healthcare,,,,,,,,,,,,
FCAP,Financial Services,,,,,,,,,,,,
FCBC,Financial Services,,,,,,,,,,,,
FCCO,Financial Services,,,,,,,,,,,,
FCEL,Industrials,,,,,,,,,,,,
FCFS,Financial Services,,,,,,,,,,,,
FCNCA,Financial Services,,,,,,,,,,,,
FCNCO,Financial Services,,,,,,,,,,,,
FCNCP,Financial Services,,,,,,,,,,,,
FCRD,Financial Services,,,,,,,,,,,,
FCUV,Technology,,,,,,,,,,,,
FDBC,Financial Services,,,,,,,,,,,,
FDMT,Healthcare,,,,,,,,,,,,
FDUS,Financial Services,,,,,,,,,,,,
FEIM,Technology,,,,,,,,,,,,
FELE,Industrials,,,,,,,,,,,,
FEMY,Healthcare,,,,,,,,,,,,
FENC,Healthcare,,,,,,,,,,,,
FFBC,Financial Services,,,,,,,,,,,,
FFBW,Financial Services,,,,,,,,,,,,
FFHL,Consumer Cyclical,,,,,,,,,,,,
FFIC,Financial Services,,,,,,,,,,,,
FFIN,Financial Services,,,,,,,,,,,,
FFIV,Technology,,,,,,,,,,,,
FFNW,Financial Services,,,,,,,,,,,,
FFWM,Financial Services,,,,,,,,,,,,
FGBI,Financial Services,,,,,,,,,,,,
FGBIP,Financial Services,,,,,,,,,,,,
FGEN,Healthcare,,,,,,,,,,,,
FGF,Financial Services,,,,,,,,,,,,
FGFPP,Financial Services,,,,,,,,,,,,
FHB,Financial Services,,,,,,,,,,,,
FHLT,Financial Services,,,,,,,,,,,,
FHLTU,Financial Services,,,,,,,,,,,,
FHLTW,Financial Services,,,,,,,,,,,,
FHTX,Healthcare,,,,,,,,,,,,
FIAC,Financial Services,,,,,,,,,,,,
FIACU,Financial Services,,,,,,,,,,,,
FIACW,Financial Services,,,,,,,,,,,,
FIBK,Financial Services,,,,,,,,,,,,
FICV,Financial Services,,,,,,,,,,,,
FICVU,Financial Services,,,,,,,,,,,,
FINM,Financial Services,,,,,,,,,,,,
FINMU,Financial Services,,,,,,,,,,,,
FINW,Financial Services,,,,,,,,,,,,
FISI,Financial Services,,,,,,,,,,,,
FISV,Technology,,,,,,,,,,,,
FITB,Financial Services,,,,,,,,,,,,
FITBI,Financial Services,,,,,,,,,,,,
FITBO,Financial Services,,,,,,,,,,,,
FITBP,Financial Services,,,,,,,,,,,,
FIVE,Consumer Cyclical,,,,,,,,,,,,
FIVN,Technology,,,,,,,,,,,,
FIXX,Healthcare,,,,,,,,,,,,
FIZZ,Consumer Defensive,,,,,,,,,,,,
FKWL,Technology,,,,,,,,,,,,
FLAC,Financial Services,,,,,,,,,,,,
FLACU,Financial Services,,,,,,,,,,,,
FLEX,Technology,,,,,,,,,,,,
FLGC,Healthcare,,,,,,,,,,,,
FLGT,Healthcare,,,,,,,,,,,,
FLIC,Financial Services,,,,,,,,,,,,
FLL,Consumer Cyclical,,,,,,,,,,,,
FLMN,Energy,,,,,,,,,,,,
FLNC,Utilities,,,,,,,,,,,,
FLNT,Communication Services,,,,,,,,,,,,
FLUX,Industrials,,,,,,,,,,,,
FLWS,Consumer Cyclical,,,,,,,,,,,,
FLXS,Consumer Cyclical,,,,,,,,,,,,
FLYW,Technology,,,,,,,,,,,,
FMAO,Financial Services,,,,,,,,,,,,
FMBH,Financial Services,,,,,,,,,,,,
FMIV,Financial Services,,,,,,,,,,,,
FMIVU,Financial Services,,,,,,,,,,,,
FMNB,Financial Services,,,,,,,,,,,,
FMTX,Healthcare,,,,,,,,,,,,
FNCB,Financial Services,,,,,,,,,,,,
FNCH,Healthcare,,,,,,,,,,,,
FNGR,Communication Services,,,,,,,,,,,,
FNHC,Financial Services,,,,,,,,,,,,
FNKO,Consumer Cyclical,,,,,,,,,,,,
FNLC,Financial Services,,,,,,,,,,,,
FNVT,Financial Services,,,,,,,,,,,,
FNVTU,Financial Services,,,,,,,,,,,,
FNVTW,Financial Services,,,,,,,,,,,,
FNWB,Financial Services,,,,,,,,,,,,
FNWD,Financial Services,,,,,,,,,,,,
FOCS,Financial Services,,,,,,,,,,,,
FOLD,Healthcare,,,,,,,,,,,,
FONR,Healthcare,,,,,,,,,,,,
FORA,Healthcare,,,,,,,,,,,,
FORD,Consumer Cyclical,,,,,,,,,,,,
FORM,Technology,,,,,,,,,,,,
FORR,Industrials,,,,,,,,,,,,
FORTY,Technology,,,,,,,,,,,,
FOSL,Consumer Cyclical,,,,,,,,,,,,
FOUN,Financial Services,,,,,,,,,,,,
FOUNU,Financial Services,,,,,,,,,,,,
FOUNW,Financial Services,,,,,,,,,,,,
FOX,Communication Services,,,,,,,,,,,,
FOXA,Communication Services,,,,,,,,,,,,
FOXF,Consumer Cyclical,,,,,,,,,,,,
FOXW,Financial Services,,,,,,,,,,,,
FOXWU,Financial Services,,,,,,,,,,,,
FPAY,Industrials,,,,,,,,,,,,
FRAF,Financial Services,,,,,,,,,,,,
FRBA,Financial Services,,,,,,,,,,,,
FRBNU,Financial Services,,,,,,,,,,,,
FREE,Consumer Defensive,,,,,,,,,,,,
FREQ,Healthcare,,,,,,,,,,,,
FRG,Consumer Cyclical,,,,,,,,,,,,
FRGAP,Consumer Cyclical,,,,,,,,,,,,
FRGI,Consumer Cyclical,,,,,,,,,,,,
FRHC,Financial Services,,,,,,,,,,,,
FRLA,Financial Services,,,,,,,,,,,,
FRLAU,Financial Services,,,,,,,,,,,,
FRLAW,Financial Services,,,,,,,,,,,,
FRLN,Healthcare,,,,,,,,,,,,
FRME,Financial Services,,,,,,,,,,,,
FROG,Technology,,,,,,,,,,,,
FRON,Financial Services,,,,,,,,,,,,
FRONU,Financial Services,,,,,,,,,,,,
FRPH,Real Estate,,,,,,,,,,,,
FRPT,Consumer Defensive,,,,,,,,,,,,
FRSG,Financial Services,,,,,,,,,,,,
FRSGU,Financial Services,,,,,,,,,,,,
FRSH,Technology,,,,,,,,,,,,
FRST,Financial Services,,,,,,,,,,,,
FRSX,Consumer Cyclical,,,,,,,,,,,,
FRW,Financial Services,,,,,,,,,,,,
FRWAU,Financial Services,,,,,,,,,,,,
FSBC,Financial Services,,,,,,,,,,,,
FSBW,Financial Services,,,,,,,,,,,,
FSEA,Financial Services,,,,,,,,,,,,
FSFG,Financial Services,,,,,,,,,,,,
FSLR,Technology,,,,,,,,,,,,
FSRX,Financial Services,,,,,,,,,,,,
FSRXU,Financial Services,,,,,,,,,,,,
FSSI,Financial Services,,,,,,,,,,,,
FSSIU,Financial Services,,,,,,,,,,,,
FSTR,Industrials,,,,,,,,,,,,
FSTX,Healthcare,,,,,,,,,,,,
FSV,Real Estate,,,,,,,,,,,,
FTAA,Financial Services,,,,,,,,,,,,
FTAAU,Financial Services,,,,,,,,,,,,
FTAI,Industrials,,,,,,,,,,,,
FTCI,Technology,,,,,,,,,,,,
FTCV,Financial Services,,,,,,,,,,,,
FTCVU,Financial Services,,,,,,,,,,,,
FTCVW,,,,,,,,,,,,,
FTDR,Consumer Cyclical,,,,,,,,,,,,
FTEK,Industrials,,,,,,,,,,,,
FTHM,Real Estate,,,,,,,,,,,,
FTNT,Technology,,,,,,,,,,,,
FTPA,Financial Services,,,,,,,,,,,,
FTPAU,Financial Services,,,,,,,,,,,,
FTRP,Healthcare,,,,,,,,,,,,
FTVI,Financial Services,,,,,,,,,,,,
FTVIU,Financial Services,,,,,,,,,,,,
FULC,Healthcare,,,,,,,,,,,,
FULT,Financial Services,,,,,,,,,,,,
FULTP,Financial Services,,,,,,,,,,,,
FUNC,Financial Services,,,,,,,,,,,,
FUND,Financial Services,,,,,,,,,,,,
FUSB,Financial Services,,,,,,,,,,,,
FUSN,Healthcare,,,,,,,,,,,,
FUTU,Financial Services,,,,,,,,,,,,
FUV,Consumer Cyclical,,,,,,,,,,,,
FVAM,Financial Services,,,,,,,,,,,,
FVCB,Financial Services,,,,,,,,,,,,
FWAC,Financial Services,,,,,,,,,,,,
FWONA,Communication Services,,,,,,,,,,,,
FWONK,Communication Services,,,,,,,,,,,,
FWP,Healthcare,,,,,,,,,,,,
FWRD,Industrials,,,,,,,,,,,,
FWRG,Consumer Cyclical,,,,,,,,,,,,
FXNC,Financial Services,,,,,,,,,,,,
FYBR,Communication Services,,,,,,,,,,,,
GABC,Financial Services,,,,,,,,,,,,
GACQ,Financial Services,,,,,,,,,,,,
GACQU,Financial Services,,,,,,,,,,,,
GAIA,Communication Services,,,,,,,,,,,,
GAIN,Financial Services,,,,,,,,,,,,
GALT,Healthcare,,,,,,,,,,,,
GAMB,Consumer Cyclical,,,,,,,,,,,,
GAMC,Financial Services,,,,,,,,,,,,
GAMCU,Financial Services,,,,,,,,,,,,
GAME,Communication Services,,,,,,,,,,,,
GAN,Consumer Cyclical,,,,,,,,,,,,
GANX,Healthcare,,,,,,,,,,,,
GASS,Industrials,,,,,,,,,,,,
GATE,Financial Services,,,,,,,,,,,,
GATEU,Financial Services,,,,,,,,,,,,
GATEW,Financial Services,,,,,,,,,,,,
GBDC,Financial Services,,,,,,,,,,,,
GBIO,Healthcare,,,,,,,,,,,,
GBNH,Healthcare,,,,,,,,,,,,
GBNY,Financial Services,,,,,,,,,,,,
GBOX,Technology,,,,,,,,,,,,
GBRG,Financial Services,,,,,,,,,,,,
GBRGU,Financial Services,,,,,,,,,,,,
GBT,Healthcare,,,,,,,,,,,,
GCBC,Financial Services,,,,,,,,,,,,
GCMG,Financial Services,,,,,,,,,,,,
GDEN,Consumer Cyclical,,,,,,,,,,,,
GDEV,Communication Services,,,,,,,,,,,,
GDNR,Financial Services,,,,,,,,,,,,
GDNRU,Financial Services,,,,,,,,,,,,
GDRX,Healthcare,,,,,,,,,,,,
GDS,Technology,,,,,,,,,,,,
GDYN,Technology,,,,,,,,,,,,
GECC,Financial Services,,,,,,,,,,,,
GEEX,Financial Services,,,,,,,,,,,,
GEEXU,Financial Services,,,,,,,,,,,,
GEEXW,Financial Services,,,,,,,,,,,,
GEG,Healthcare,,,,,,,,,,,,
GENC,Industrials,,,,,,,,,,,,
GENE,Healthcare,,,,,,,,,,,,
GEOS,Energy,,,,,,,,,,,,
GERN,Healthcare,,,,,,,,,,,,
GET,Technology,,,,,,,,,,,,
GEVO,Basic Materials,,,,,,,,,,,,
GFAI,Industrials,,,,,,,,,,,,
GFGDU,Financial Services,,,,,,,,,,,,
GFS,Technology,,,,,,,,,,,,
GGAAU,Financial Services,,,,,,,,,,,,
GGAL,Financial Services,,,,,,,,,,,,
GGGV,Financial Services,,,,,,,,,,,,
GGGVU,Financial Services,,,,,,,,,,,,
GGMC,Financial Services,,,,,,,,,,,,
GGMCU,Financial Services,,,,,,,,,,,,
GGPI,Financial Services,,,,,,,,,,,,
GGPIU,Financial Services,,,,,,,,,,,,
GH,Healthcare,,,,,,,,,,,,
GHAC,Financial Services,,,,,,,,,,,,
GHACU,Financial Services,,,,,,,,,,,,
GHIX,Financial Services,,,,,,,,,,,,
GHIXU,Financial Services,,,,,,,,,,,,
GHIXW,Financial Services,,,,,,,,,,,,
GHRS,Healthcare,,,,,,,,,,,,
GIAC,Financial Services,,,,,,,,,,,,
GIACU,Financial Services,,,,,,,,,,,,
GIFI,Industrials,,,,,,,,,,,,
GIGM,Communication Services,,,,,,,,,,,,
GIII,Consumer Cyclical,,,,,,,,,,,,
GIIX,Financial Services,,,,,,,,,,,,
GIIXU,Financial Services,,,,,,,,,,,,
GILD,Healthcare,,,,,,,,,,,,
GILT,Technology,,,,,,,,,,,,
GIPR,Real Estate,,,,,,,,,,,,
GIW,Financial Services,,,,,,,,,,,,
GIWWU,Financial Services,,,,,,,,,,,,
GLAD,Financial Services,,,,,,,,,,,,
GLAQ,Financial Services,,,,,,,,,,,,
GLAQU,Financial Services,,,,,,,,,,,,
GLBE,Consumer Cyclical,,,,,,,,,,,,
GLBL,Financial Services,,,,,,,,,,,,
GLBLU,Financial Services,,,,,,,,,,,,
GLBLW,Financial Services,,,,,,,,,,,,
GLBS,Industrials,,,,,,,,,,,,
GLBZ,Financial Services,,,,,,,,,,,,
GLDD,Industrials,,,,,,,,,,,,
GLDI,,,,,,,,,,,,,
GLEE,Financial Services,,,,,,,,,,,,
GLEEU,Financial Services,,,,,,,,,,,,
GLHA,Financial Services,,,,,,,,,,,,
GLHAU,Financial Services,,,,,,,,,,,,
GLLI,Financial Services,,,,,,,,,,,,
GLLIR,,,,,,,,,,,,,
GLLIU,Financial Services,,,,,,,,,,,,
GLLIW,Financial Services,,,,,,,,,,,,
GLMD,Healthcare,,,,,,,,,,,,
GLNG,Energy,,,,,,,,,,,,
GLPG,Healthcare,,,,,,,,,,,,
GLPI,Real Estate,,,,,,,,,,,,
GLRE,Financial Services,,,,,,,,,,,,
GLSI,Healthcare,,,,,,,,,,,,
GLTO,Healthcare,,,,,,,,,,,,
GLUE,Healthcare,,,,,,,,,,,,
GLYC,Healthcare,,,,,,,,,,,,
GMAB,Healthcare,,,,,,,,,,,,
GMBLP,Consumer Cyclical,,,,,,,,,,,,
GMDA,Healthcare,,,,,,,,,,,,
GMFIU,Financial Services,,,,,,,,,,,,
GMGI,Communication Services,,,,,,,,,,,,
GMTX,Healthcare,,,,,,,,,,,,
GMVD,Healthcare,,,,,,,,,,,,
GNAC,Financial Services,,,,,,,,,,,,
GNACU,Financial Services,,,,,,,,,,,,
GNCA,Healthcare,,,,,,,,,,,,
GNFT,Healthcare,,,,,,,,,,,,
GNOG,Consumer Cyclical,,,,,,,,,,,,
GNPX,Healthcare,,,,,,,,,,,,
GNSS,Technology,,,,,,,,,,,,
GNTA,Healthcare,,,,,,,,,,,,
GNTX,Consumer Cyclical,,,,,,,,,,,,
GNTY,Financial Services,,,,,,,,,,,,
GO,Consumer Defensive,,,,,,,,,,,,
GOBI,Financial Services,,,,,,,,,,,,
GOCO,Financial Services,,,,,,,,,,,,
GOEV,Consumer Cyclical,,,,,,,,,,,,
GOGL,Industrials,,,,,,,,,,,,
GOGO,Communication Services,,,,,,,,,,,,
GOOD,Real Estate,,,,,,,,,,,,
GOODN,Real Estate,,,,,,,,,,,,
GOOG,Communication Services,,,,,,,,,,,,
GOOGL,Communication Services,,,,,,,,,,,,
GOSS,Healthcare,,,,,,,,,,,,
GOVX,Healthcare,,,,,,,,,,,,
GP,Consumer Cyclical,,,,,,,,,,,,
GPAC,Financial Services,,,,,,,,,,,,
GPACU,Financial Services,,,,,,,,,,,,
GPCO,Financial Services,,,,,,,,,,,,
GPCOU,Financial Services,,,,,,,,,,,,
GPP,Energy,,,,,,,,,,,,
GPRE,Basic Materials,,,,,,,,,,,,
GPRO,Technology,,,,,,,,,,,,
GRAB,Financial Services,,,,,,,,,,,,
GRABW,Financial Services,,,,,,,,,,,,
GRAY,Healthcare,,,,,,,,,,,,
GRCL,Healthcare,,,,,,,,,,,,
GRCY,Financial Services,,,,,,,,,,,,
GRCYU,Financial Services,,,,,,,,,,,,
GREE,Financial Services,,,,,,,,,,,,
GRFS,Healthcare,,,,,,,,,,,,
GRIN,Industrials,,,,,,,,,,,,
GROM,Communication Services,,,,,,,,,,,,
GROW,Financial Services,,,,,,,,,,,,
GRPH,Healthcare,,,,,,,,,,,,
GRPN,Communication Services,,,,,,,,,,,,
GRTS,Healthcare,,,,,,,,,,,,
GRTX,Healthcare,,,,,,,,,,,,
GRVI,Healthcare,,,,,,,,,,,,
GRVY,Communication Services,,,,,,,,,,,,
GRWG,Consumer Cyclical,,,,,,,,,,,,
GSAQ,Financial Services,,,,,,,,,,,,
GSAQU,Financial Services,,,,,,,,,,,,
GSBC,Financial Services,,,,,,,,,,,,
GSEV,Financial Services,,,,,,,,,,,,
GSEVU,Financial Services,,,,,,,,,,,,
GSHD,Financial Services,,,,,,,,,,,,
GSIT,Technology,,,,,,,,,,,,
GSM,Basic Materials,,,,,,,,,,,,
GSMG,Communication Services,,,,,,,,,,,,
GSMGW,Communication Services,,,,,,,,,,,,
GT,Consumer Cyclical,,,,,,,,,,,,
GTAC,Financial Services,,,,,,,,,,,,
GTACU,Financial Services,,,,,,,,,,,,
GTACW,Financial Services,,,,,,,,,,,,
GTEC,Industrials,,,,,,,,,,,,
GTH,Healthcare,,,,,,,,,,,,
GTHX,Healthcare,,,,,,,,,,,,
GTIM,Consumer Cyclical,,,,,,,,,,,,
GTLB,Technology,,,,,,,,,,,,
GTPA,Financial Services,,,,,,,,,,,,
GTPAU,Financial Services,,,,,,,,,,,,
GTPB,Financial Services,,,,,,,,,,,,
GTPBU,Financial Services,,,,,,,,,,,,
GTX,Consumer Cyclical,,,,,,,,,,,,
GTXAP,Consumer Cyclical,,,,,,,,,,,,
GTYH,Technology,,,,,,,,,,,,
GURE,Basic Materials,,,,,,,,,,,,
GVCI,Financial Services,,,,,,,,,,,,
GVCIU,Financial Services,,,,,,,,,,,,
GVCIW,Financial Services,,,,,,,,,,,,
GVP,Technology,,,,,,,,,,,,
GWII,Financial Services,,,,,,,,,,,,
GWRS,Utilities,,,,,,,,,,,,
GXII,Financial Services,,,,,,,,,,,,
GXIIU,Financial Services,,,,,,,,,,,,
GYRO,Real Estate,,,,,,,,,,,,
HA,Industrials,,,,,,,,,,,,
HAAC,Financial Services,,,,,,,,,,,,
HAACU,Financial Services,,,,,,,,,,,,
HAFC,Financial Services,,,,,,,,,,,,
HAIAU,Financial Services,,,,,,,,,,,,
HAIN,Consumer Defensive,,,,,,,,,,,,
HALL,Financial Services,,,,,,,,,,,,
HALO,Healthcare,,,,,,,,,,,,
HARP,Healthcare,,,,,,,,,,,,
HAS,Consumer Cyclical,,,,,,,,,,,,
HAYN,Industrials,,,,,,,,,,,,
HBAN,Financial Services,,,,,,,,,,,,
HBANM,Financial Services,,,,,,,,,,,,
HBANP,Financial Services,,,,,,,,,,,,
HBCP,Financial Services,,,,,,,,,,,,
HBIO,Healthcare,,,,,,,,,,,,
HBNC,Financial Services,,,,,,,,,,,,
HBP,Industrials,,,,,,,,,,,,
HBT,Financial Services,,,,,,,,,,,,
HCAR,Financial Services,,,,,,,,,,,,
HCARU,Financial Services,,,,,,,,,,,,
HCAT,Healthcare,,,,,,,,,,,,
HCCI,Industrials,,,,,,,,,,,,
HCDI,Real Estate,,,,,,,,,,,,
HCDIP,Real Estate,,,,,,,,,,,,
HCIC,Financial Services,,,,,,,,,,,,
HCICU,Financial Services,,,,,,,,,,,,
HCII,Financial Services,,,,,,,,,,,,
HCIIU,Financial Services,,,,,,,,,,,,
HCKT,Technology,,,,,,,,,,,,
HCM,Healthcare,,,,,,,,,,,,
HCNE,Financial Services,,,,,,,,,,,,
HCNEU,Financial Services,,,,,,,,,,,,
HCP,Technology,,,,,,,,,,,,
HCSG,Healthcare,,,,,,,,,,,,
HCTI,Healthcare,,,,,,,,,,,,
HCVI,Financial Services,,,,,,,,,,,,
HCVIU,Financial Services,,,,,,,,,,,,
HCVIW,Financial Services,,,,,,,,,,,,
HCWB,Healthcare,,,,,,,,,,,,
HDSN,Basic Materials,,,,,,,,,,,,
HEAR,Technology,,,,,,,,,,,,
HEES,Industrials,,,,,,,,,,,,
HELE,Consumer Defensive,,,,,,,,,,,,
HEPA,Healthcare,,,,,,,,,,,,
HEPS,Consumer Cyclical,,,,,,,,,,,,
HERA,Financial Services,,,,,,,,,,,,
HERAU,Financial Services,,,,,,,,,,,,
HFBL,Financial Services,,,,,,,,,,,,
HFWA,Financial Services,,,,,,,,,,,,
HGBL,Financial Services,,,,,,,,,,,,
HGEN,Healthcare,,,,,,,,,,,,
HHGC,Financial Services,,,,,,,,,,,,
HHGCU,Financial Services,,,,,,,,,,,,
HHR,Industrials,,,,,,,,,,,,
HHS,Communication Services,,,,,,,,,,,,
HIBB,Consumer Cyclical,,,,,,,,,,,,
HIFS,Financial Services,,,,,,,,,,,,
HIHO,Industrials,,,,,,,,,,,,
HIII,Financial Services,,,,,,,,,,,,
HIIIU,Financial Services,,,,,,,,,,,,
HIMX,Technology,,,,,,,,,,,,
HITI,Healthcare,,,,,,,,,,,,
HIVE,Financial Services,,,,,,,,,,,,
HLAH,Financial Services,,,,,,,,,,,,
HLAHU,Financial Services,,,,,,,,,,,,
HLBZ,Consumer Cyclical,,,,,,,,,,,,
HLG,Consumer Defensive,,,,,,,,,,,,
HLIT,Technology,,,,,,,,,,,,
HLMN,Industrials,,,,,,,,,,,,
HLNE,Financial Services,,,,,,,,,,,,
HLTH,Healthcare,,,,,,,,,,,,
HMCO,Financial Services,,,,,,,,,,,,
HMCOU,Financial Services,,,,,,,,,,,,
HMNF,Financial Services,,,,,,,,,,,,
HMPT,Financial Services,,,,,,,,,,,,
HMST,Financial Services,,,,,,,,,,,,
